address,extracted_address,addr_cos_sim
"318 Nguyễn Trãi, Phường An Đông, Thành phố Hồ Chí Minh.","927 Nguyễn Trãi, Phường 14, Quận 5, Thành phố Hồ Chí Minh, Vietnam",0.7912725
"A0.03, trệt + lầu 1 (Tầng 1+2), Dự án khu dân cư Scenic Valley 2 (Lô MD4-4) – Phú Mỹ Hưng, Phường Tân Mỹ, Thành phố Hồ Chí Minh.","2 Đ. Quán Âm Bồ Tát, Tân Phú, Quận 7, Thành phố Hồ Chí Minh, Vietnam",0.6973743
"124 Đường số 01, Phường 10, Quận Tân Bình, Thành phố Hồ Chí Minh.","12-13 Đường số 1, Đông Hoà, Thủ Đức, Thành phố Hồ Chí Minh, Vietnam",0.775396
"200A - 200B Tân Sơn Nhì, Phường Tân Sơn Nhì, Quận Tân Phú, Thành phố Hồ Chí Minh.","293 Đ. Tân Kỳ Tân Quý, Tân Sơn Nhì, Tân Phú, Thành phố Hồ Chí Minh, Vietnam",0.7816329
"164A Tân Kỳ Tân Quý, Phường Sơn Kỳ, Quận Tân Phú, Thành phố Hồ Chí Minh.","293 Đ. Tân Kỳ Tân Quý, Tân Sơn Nhì, Tân Phú, Thành phố Hồ Chí Minh, Vietnam",0.8127612
"S2.0.02, Tầng Trệt và Tầng 1, Khối đế P2, Khu A6 (Alnata Plus – Celadon City), Số 2, Đường N1, Phường Sơn Kỳ, Quận Tân Phú, Thành phố Hồ Chí Minh.","S2.0.02 Đ. Tân Thạnh, Sơn Kỳ, Tân Phú, Thành phố Hồ Chí Minh 70000, Vietnam",0.7402806
"0.04 Lầu Trệt (Thông tầng) Tháp A1, Dự án Westgate, Lô F Trung tâm hành chính huyện Bình Chánh, Đường Tân Túc, Khu phố 4, Thị trấn Tân Túc, Huyện Bình Chánh, Thành phố Hồ Chí Minh.","MHRP+3G Chung cư Westgate, TT. Tân Túc, Bình Chánh, Thành phố Hồ Chí Minh, Vietnam",0.6454748
"UOA Tower, 6 Tân Trào, Phường Tân Phú, Quận 7, Thành phố Hồ Chí Minh.","6 Tân Trào, Tân Phú, Quận 7, Thành phố Hồ Chí Minh, Vietnam",0.7663414
"153 Điện Biên Phủ, Phường 2, Quận Bình Thạnh, Thành phố Hồ Chí Minh.","215 Điện Biên Phủ, Phường 2, Bình Thạnh, Thành phố Hồ Chí Minh, Vietnam",0.82347506
"97 Lê Quang Định, Phường 14, Quận Bình Thạnh, Thành phố Hồ Chí Minh.","484 Lê Quang Định, Phường 11, Bình Thạnh, Thành phố Hồ Chí Minh, Vietnam",0.75505877
"233A Phan Văn Trị, Phường 11, Quận Bình Thạnh, Thành phố Hồ Chí Minh.","TK17/1 Nguyễn Cảnh Chân, Cầu Kho, Quận 1, Thành phố Hồ Chí Minh, Vietnam",0.7376776
"153A Hoàng Hoa Thám, Phường 13, Quận Tân Bình, Thành phố Hồ Chí Minh.","10A Hoàng Hoa Thám, Phường 7, Bình Thạnh, Thành phố Hồ Chí Minh, Vietnam",0.7947673
"368/16 Nguyễn Văn Lượng, Phường 16, Quận Gò Vấp, Thành phố Hồ Chí Minh.","87, street 11, district Go Vap, Phường 16, Gò Vấp, Thành phố Hồ Chí Minh, Vietnam",0.6804873
"Lô thương mại TMDV03 tại tầng 1, địa chỉ số 0.08 Chung cư CH3, Đường số 8, Khu dân cư Cityland, Phường 10, Quận Gò Vấp, Thành phố Hồ Chí Minh.","P5-00.13 Cityland Park Hills, 18 Đ. Phan Văn Trị, Phường 10, Gò Vấp, Thành phố Hồ Chí Minh, Vietnam",0.5941821
"01 Đường số 8, Khu dân cư Vĩnh Lộc, Khu phố 4, Phường Bình Hưng Hòa B, Quận Bình Tân, Thành phố Hồ Chí Minh.","12-13 Đường số 1, Đông Hoà, Thủ Đức, Thành phố Hồ Chí Minh, Vietnam",0.6980754
"Tầng 1&2 – TMDV 03 – Cao ốc RES11, 205 Lạc Long Quân, Phường 03, Quận 11, Thành phố Hồ Chí Minh.","12-13 Đường số 1, Đông Hoà, Thủ Đức, Thành phố Hồ Chí Minh, Vietnam",0.613467
"192 - 194 Tân Quý, Phường Tân Quý, Quận Tân Phú, Thành phố Hồ Chí Minh.","446 Đ. Tân Kỳ Tân Quý, Tân Quý, Tân Phú, Thành phố Hồ Chí Minh, Vietnam",0.80181277
"52G Trần Bình Trọng, Phường 05, Quận Bình Thạnh, Thành phố Hồ Chí Minh.","52A Trần Bình Trọng, Phường 5, Bình Thạnh, Thành phố Hồ Chí Minh, Vietnam",0.84664166
"168 Mã Lò, Khu phố 2, Phường Bình Trị Đông A, Quận Bình Tân, Thành phố Hồ Chí Minh.","102 Đường Số 29, Bình Trị Đông B, Bình Tân, Thành phố Hồ Chí Minh, Vietnam",0.75673234
"1177 Lê Đức Thọ, Phường 15, Quận Gò Vấp, Thành phố Hồ Chí Minh.","527 Đ. Lê Đức Thọ, Phường 16, Gò Vấp, Thành phố Hồ Chí Minh 70000, Vietnam",0.79428995
"77B Đường số 2 Cư Xá Lữ Gia, Phường 15, Quận 11, Thành phố Hồ Chí Minh.","43B Đường Số 2, Khu Phố 2, Quận 11, Thành phố Hồ Chí Minh, Vietnam",0.82827854
"Cửa hàng thương mại số SH11 và SH12, Dự án One Verandah, số 02 đường Bát Nàn, Khu phố 01, Phường Thạnh Mỹ Lợi, Thành phố Thủ Đức, Thành phố Hồ Chí Minh.","1 Tạ Hiện, Phường Thạnh Mỹ Lợi, Thủ Đức, Thành phố Hồ Chí Minh, Vietnam",0.7657127
"46 Lý Thánh Tông, Phường Hiệp Tân, Quận Tân Phú, Thành phố Hồ Chí Minh.","46 Lý Thánh Tông, Tân Thới Hoà, Tân Phú, Thành phố Hồ Chí Minh 70000, Vietnam",0.84460944
"83 Đường số 59, Phường 14, Quận Gò Vấp, Thành phố Hồ Chí Minh","314 Đ. Lê Văn Thọ, Phường 11, Gò Vấp, Thành phố Hồ Chí Minh 70000, Vietnam",0.79301465
"280 Thạch Lam, Phường Phú Thạnh, Quận Tân Phú, Thành phố Hồ Chí Minh.","113 Đ. Thạch Lam, Phú Thạnh, Tân Phú, Thành phố Hồ Chí Minh, Vietnam",0.8357531
"92 – 94 Bùi Quang Là, Phường 12, Quận Gò Vấp, Thành phố Hồ Chí Minh.","92-94 Bùi Quang Là, Phường 12, Gò Vấp, Thành phố Hồ Chí Minh 700000, Vietnam",0.8379239
"Lô thương mại dịch vụ B1 tầng 1, Chung cư Topaz City - 39 Cao Lỗ, Phường 04, Quận 08, Thành phố Hồ Chí Minh.","223 Đ. 154, Khu Phố 3, Thủ Đức, Thành phố Hồ Chí Minh, Vietnam",0.67867243
"86 – 88 Đường số 10, Phường 13, Quận 06, Thành phố Hồ Chí Minh.","86 Đường số 10, P.13, Quận 6, Thành phố Hồ Chí Minh, Vietnam",0.8375623
"Tầng trệt gian hàng số 02, Trạm xe buýt và khu thương mại dịch vụ thuộc Lô MC5 thuộc khu đô thị mới Vàm Cỏ Đông, Xã An Thạnh, Huyện Bến Lức, Tỉnh Long An.","120 Song Hành Xa Lộ Hà Nội, P, Thủ Đức, Thành phố Hồ Chí Minh, Vietnam",0.6790085
"AK5-00.01 Akari City, 77 Võ Văn Kiệt P.An Lạc, Q.Bình Tân, TP.HCM","PJ84+WXV, 77 Võ Văn Kiệt, An Lạc, Bình Tân, Thành phố Hồ Chí Minh, Vietnam",0.6508765
"165 Đường số 6, Phường Bình Trị Đông B, Quận Bình Tân, TP. HCM","3A Tô Vĩnh Diện, Linh Chiểu, Thủ Đức, Thành phố Hồ Chí Minh, Vietnam",0.6837223
527 Lê Đức Thọ P.16 Q.Gò Vấp,"527 Đ. Lê Đức Thọ, Phường 16, Gò Vấp, Thành phố Hồ Chí Minh 70000, Vietnam",0.78717685
"57K Tô Hiệu, P.Hiệp Tân, Q.Tân Phú","58k Đ. Tô Hiệu, Tân Thới Hoà, Tân Phú, Thành phố Hồ Chí Minh, Vietnam",0.7694231
"Căn hộ thương mại số S-16 gồm 01 Tầng Thuộc Dự Án Sunwah Pearl, số 90 Nguyễn Hữu Cảnh, phường 22, quận Bình Thạnh, TP. HCM","QPQ9+F8G, Đường D8, Saigon Pearl, Bình Thạnh, Thành phố Hồ Chí Minh, Vietnam",0.60164243
"Căn D2.01.04-TM tại tầng 01 và tầng 02 của tháp D2 thuộc Khu nhà ở cao tầng Công ty Saphire tại số 454 đường Võ Chí Công, Khu phố 2, phường Phú Hữu, Tp. Thủ Đức, TP.HCM.","179 Đ. Võ Chí Công, Bình Trưng Đông, Thủ Đức, Thành phố Hồ Chí Minh, Vietnam",0.5909495
"I-1.TM.05, Khu vực thương mại khối Iris(I), Khu Phức Hợp HaDo Centrosa, số 200, đường 3/2, Phường 12, Quận 10, TP. HCM.","lô Jasmine, Hà Đô Centrosa Garden, J-1. TM.03-1, 200 Đ. 3 Tháng 2, Thành phố Hồ Chí Minh, 70000, Vietnam",0.5004258
"Căn D0.02 Khu nhà ở xã Phước Kiển, huyện Nhà Bè – Khu nhà ở Nam Sài Gòn Residences, ấp 5, xã Phước Kiển, huyện Nhà Bè, TP.Hồ Chí Minh","Phước Kiển, Nhà Bè, Ho Chi Minh City, Vietnam",0.7603097
"A.1.02 tại Tầng 01, tháp A thuộc Trung tâm Thương mại – Dịch vụ, Officetel và Căn hộ ở tại số 34 – 35 Bến Vân Đồn, Phường 13, Quận 4, TPHCM","Tháp A, Bến Vân Đồn, Phường 12, Quận 4, Thành phố Hồ Chí Minh, Vietnam",0.7488159
"A1-1-5, Tầng số 1 Tháp A Tòa Nhà The CBD tại số 125 Đường Đồng Văn Cống, Phường Thạnh Mỹ Lợi, Tp. Thủ Đức, TP.HCM.","123/7 Đ. Đồng Văn Cống, Phường Thạnh Mỹ Lợi, Quận 2, Thành phố Hồ Chí Minh, Vietnam",0.64714503
"563 Điện Biên Phủ, Phường 1, Quận 3, TP.HCM.","475A Điện Biên Phủ, Phường 25, Bình Thạnh, Thành phố Hồ Chí Minh, Vietnam",0.7119019
"114 Bùi Đình Túy, Phường 12, Quận Bình Thạnh, Tp.HCM","247 C Bùi Đình Tuý, Phường 14, Bình Thạnh, Thành phố Hồ Chí Minh, Vietnam",0.78308344
"56 Hoàng Diệu 2, Phường Linh Chiểu, Tp. Thủ Đức, Tp.HCM","120 Song Hành Xa Lộ Hà Nội, P, Thủ Đức, Thành phố Hồ Chí Minh, Vietnam",0.6488796
"Lô thương mại SH1 thuộc chung cư cao cấp Homyland Riverside, 14 Đường số 1-THM, Phường Bình Trưng Đông, Thành phố Thủ Đức, Thành phố Hồ Chí Minh.","360 Nguyễn Duy Trinh, Phường Bình Trưng Tây, Quận 2, Thành phố Hồ Chí Minh, Vietnam",0.69138414
"Park Hills P5-00.10, Tầng 1, Tòa nhà chung cư CH1, số 18 Phan Văn Trị, Phường 10, Quận Gò Vấp, Thành phố Hồ Chí Minh.","P5-00.13 Cityland Park Hills, 18 Đ. Phan Văn Trị, Phường 10, Gò Vấp, Thành phố Hồ Chí Minh, Vietnam",0.7676968
"73 Ni Sư Huỳnh Liên, Phường 10, Quận Tân Bình, TP.HCM","71 Ni Sư Huỳnh Liên, Phường 10, Tân Bình, Thành phố Hồ Chí Minh, Vietnam",0.846231
"TMDV30, Dự án Masteri An Phú, 179 Võ Nguyên Giáp, Phường Thảo Điền, Thành phố Thủ Đức, Thành phố Hồ Chí Minh.","8 Vũ Tông Phan, An Phú, Thủ Đức, Thành phố Hồ Chí Minh, Vietnam",0.79025793
"43F Hồ Văn Huê, Phường 9, Quận Phú Nhuận","113 Đ. Thích Quảng Đức, Phường 4, Phú Nhuận, Thành phố Hồ Chí Minh, Vietnam",0.71036315
"Căn B2.2G, Tầng B2, Tháp Hawaii, Đảo Kim Cương, Số 1 Đường 104 - BTT, KP. 3, P. Bình Trưng Tây, TP. Thủ Đức, TP. HCM","Đảo Kim Cương, Quận 2, Thủ Đức, Thành phố Hồ Chí Minh, Vietnam",0.6976985
"Căn A2SH09 tầng trệt và tầng 01 tòa A2 Vinhomes Golden River, 02 Tôn Đức Thắng, Phường Bến Nghé, Quận 1","2 Tôn Đức Thắng, Bến Nghé, Quận 1, Thành phố Hồ Chí Minh, Vietnam",0.7544945
"666/64 Đường 3/2, Phường 14, Quận 10","200 Đ. 3 Tháng 2, Phường 12, Quận 10, Thành phố Hồ Chí Minh, Vietnam",0.67996395
"94D2 Phùng Văn Cung, Phường 7, Quận Phú Nhuận","94d Đ. Phùng Văn Cung, Phường 7, Phú Nhuận, Thành phố Hồ Chí Minh, Vietnam",0.8478812
"DH.7 thuộc Khu cao ốc văn phòng và Căn hộ chung cư số 5B đường Phổ Quang, Phường 2, Quận Tân Bình, Thành phố Hồ Chí Minh.","104 Đ. Phổ Quang, Phường 2, Tân Bình, Thành phố Hồ Chí Minh, Vietnam",0.7000364
"Gian hàng số BB-S01, Tầng trệt, KDC New City, Số 17 Mai Chí Thọ, KP.3, Phường An Khánh, TP. Thủ Đức, TP. HCM","17 Mai Chí Thọ, Phường An Khánh, Thủ Đức, Thành phố Hồ Chí Minh, Vietnam",0.7301603
"120 Xa Lộ Hà Nội, Phường Tân Phú, TP. Thủ Đức, TP. HCM","120 Song Hành Xa Lộ Hà Nội, P, Thủ Đức, Thành phố Hồ Chí Minh, Vietnam",0.73619175
"7A/7 Thành Thái, Phường 14, Quận 10","136 Đ. Thành Thái, Phường 14, Quận 10, Thành phố Hồ Chí Minh, Vietnam",0.78012276
"15A Phân khu E1, Khu Công Nghệ Cao, Xa Lộ Hà Nội, Phường Hiệp Phú, TP. Thủ Đức, TP. HCM","Vietnam, Thành phố Hồ Chí Minh, Thủ Đức, Hiệp Phú, Song Hành Xa Lộ Hà Nội",0.6813163
"192A Hoàng Diệu, Phường 9, Quận 4","58 Đ. Hoàng Diệu 2, Linh Chiểu, Thủ Đức, Thành phố Hồ Chí Minh, Vietnam",0.6906792
"T5-B01.03+04, tại tầng 1 thuộc dự án Khu nhà ở chung cư cao cấp Masteri Thảo Điền, số 159 Võ Nguyên Giáp, Phường Thảo Điền, Thành phố Thủ Đức, Thành phố Hồ Chí Minh.","RP3R+4Q7, Thảo Điền, Thủ Đức, Thành phố Hồ Chí Minh, Vietnam",0.6476898
"8 Vũ Tông Phan, Phường An Phú, TP. Thủ Đức, TP. HCM","8 Vũ Tông Phan, An Phú, Thủ Đức, Thành phố Hồ Chí Minh, Vietnam",0.8382989
"18 Hoàng Hoa Thám, Phường 12, Quận Tân Bình","10A Hoàng Hoa Thám, Phường 7, Bình Thạnh, Thành phố Hồ Chí Minh, Vietnam",0.6669471
"Nhà A19 - Ký túc xá Khu A Đại học Quốc Gia, Khu phố Tân Lập, Phường Đông Hòa, Thành phố Dĩ An, Tỉnh Bình Dương","Vietnam, Thành phố Hồ Chí Minh, Thủ Đức, Hiệp Phú, Song Hành Xa Lộ Hà Nội",0.7565232
"351A Nguyễn Trọng Tuyển, Phường 1, Quận Tân Bình","41 Nguyễn Trọng Tuyển, Phường 15, Phú Nhuận, Thành phố Hồ Chí Minh, Vietnam",0.7971616
"88-88A-90-92 Trương Công Định, Phường 14, Quận Tân Bình Số điện thoại:","88 Trương Công Định, Phường 14, Tân Bình, Thành phố Hồ Chí Minh, Vietnam",0.84667134
"B22 Bạch Đằng, Phường 2, Quận Tân Bình Số điện thoại:","165 Đ. Bạch Đằng, Phường 2, Tân Bình, Thành phố Hồ Chí Minh, Vietnam",0.70519555
"45 Hậu Giang, Phường 4, Quận Tân Bình Số điện thoại:","Số 45 Hậu Giang, Phường 4, Tân Bình, Thành phố Hồ Chí Minh, Vietnam",0.8497348
"02 Trần Doãn Khanh, Phường Đa Kao, Quận 1 Số điện thoại:","2 Đ. Trần Doãn Khanh, Đa Kao, Quận 1, Thành phố Hồ Chí Minh, Vietnam",0.7919472
