Name,Location,Phone,Search
Ministop -  Trương Vĩnh Ký,"212 - 214 Trương Vĩnh Ký, Phường Tân Sơn Nhì, Thành phố Hồ Chí Minh.",Số điện thoại: (028) 3620 4449,"Ministop -  Trương Vĩnh Ký 212 - 214 Trương Vĩnh Ký, Phường Tân Sơn Nhì, Thành phố Hồ Chí Minh."
Ministop -  Nguyễn Trãi 2,"318 Nguyễn Trãi, Phường An Đông, Thành phố Hồ Chí Minh.",Số điện thoại: (028) 3620 1557,"Ministop -  Nguyễn Trãi 2 318 Nguyễn Trãi, Phường An Đông, Thành phố Hồ Chí Minh."
Ministop -  Lê Văn Sỹ 2,"407B Lê Văn Sỹ, Phường Nhiêu Lộc, Thành phố Hồ Chí Minh.",Số điện thoại: (028) 3620 2759,"Ministop -  Lê Văn Sỹ 2 407B Lê Văn Sỹ, Phường Nhiêu Lộc, Thành phố Hồ Chí Minh."
Ministop -  Scenic Valley 2,"A0.03, trệt + lầu 1 (Tầng 1+2), Dự án khu dân cư Scenic Valley 2 (Lô MD4-4) – Phú Mỹ Hưng, Phường Tân Mỹ, Thành phố Hồ Chí Minh.",Số điện thoại: (028) 3722 5226,"Ministop -  Scenic Valley 2 A0.03, trệt + lầu 1 (Tầng 1+2), Dự án khu dân cư Scenic Valley 2 (Lô MD4-4) – Phú Mỹ Hưng, Phường Tân Mỹ, Thành phố Hồ Chí Minh."
Ministop -  Nơ Trang Long,"24 Nơ Trang Long, Phường Bình Thạnh, Thành phố Hồ Chí Minh.",Số điện thoại: (028) 3622 2970,"Ministop -  Nơ Trang Long 24 Nơ Trang Long, Phường Bình Thạnh, Thành phố Hồ Chí Minh."
Ministop -  Trần Quốc Hoàn,"117 Trần Quốc Hoàn, Phường Tân Sơn Nhất, Thành phố Hồ Chí Minh.",Số điện thoại: (028) 3620 8049,"Ministop -  Trần Quốc Hoàn 117 Trần Quốc Hoàn, Phường Tân Sơn Nhất, Thành phố Hồ Chí Minh."
Ministop -  Võ Oanh,"92 - 94 Võ Oanh, Phường 25, Quận Bình Thạnh, Thành phố Hồ Chí Minh.",Số điện thoại: (028) 3535 5934,"Ministop -  Võ Oanh 92 - 94 Võ Oanh, Phường 25, Quận Bình Thạnh, Thành phố Hồ Chí Minh."
Ministop -  Tô Vĩnh Diện,"3A Tô Vĩnh Diện, Khu phố 4, Phường Linh Chiểu, Thành phố Thủ Đức, Thành phố Hồ Chí Minh.",Số điện thoại: (028) 3620 5044,"Ministop -  Tô Vĩnh Diện 3A Tô Vĩnh Diện, Khu phố 4, Phường Linh Chiểu, Thành phố Thủ Đức, Thành phố Hồ Chí Minh."
Ministop -  Hoàng Việt 3,"22 Hoàng Việt, Phường 04, Quận Tân Bình, Thành phố Hồ Chí Minh.",Số điện thoại: (028) 3620 5027,"Ministop -  Hoàng Việt 3 22 Hoàng Việt, Phường 04, Quận Tân Bình, Thành phố Hồ Chí Minh."
Ministop -  Đường số 20,"29 Đường số 20, Khu phố 4, Phường Hiệp Bình Chánh, Thành phố Thủ Đức, Thành phố Hồ Chí Minh.",Số điện thoại: (028) 3620 2998,"Ministop -  Đường số 20 29 Đường số 20, Khu phố 4, Phường Hiệp Bình Chánh, Thành phố Thủ Đức, Thành phố Hồ Chí Minh."
Ministop -  Đường số 1,"124 Đường số 01, Phường 10, Quận Tân Bình, Thành phố Hồ Chí Minh.",Số điện thoại: (028) 3620 3817,"Ministop -  Đường số 1 124 Đường số 01, Phường 10, Quận Tân Bình, Thành phố Hồ Chí Minh."
Ministop -  Lý Chính Thắng,"226/1A - 228 Lý Chính Thắng, Phường 9, Quận 3, Thành phố Hồ Chí Minh.",Số điện thoại: (028) 3620 1645,"Ministop -  Lý Chính Thắng 226/1A - 228 Lý Chính Thắng, Phường 9, Quận 3, Thành phố Hồ Chí Minh."
Ministop -  Cư xá Phú Lâm,"D 48 Lô C, Đường nội bộ Cư xá Phú Lâm D, Phường 10, Quận 6, Thành phố Hồ Chí Minh.",Số điện thoại: (028) 3636 6327,"Ministop -  Cư xá Phú Lâm D 48 Lô C, Đường nội bộ Cư xá Phú Lâm D, Phường 10, Quận 6, Thành phố Hồ Chí Minh."
Ministop -  Lê Minh Xuân,"102 Lê Minh Xuân, Phường 07, Quận Tân Bình, Thành phố Hồ Chí Minh.",Số điện thoại: (028) 3620 1691,"Ministop -  Lê Minh Xuân 102 Lê Minh Xuân, Phường 07, Quận Tân Bình, Thành phố Hồ Chí Minh."
Ministop -  Đường số 29,"102 Đường số 29, Khu phố 2, Phường Bình Trị Đông B, Quận Bình Tân, Thành phố Hồ Chí Minh.",Số điện thoại: (028) 3622 0928,"Ministop -  Đường số 29 102 Đường số 29, Khu phố 2, Phường Bình Trị Đông B, Quận Bình Tân, Thành phố Hồ Chí Minh."
Ministop -  Tân Sơn Nhì 3,"200A - 200B Tân Sơn Nhì, Phường Tân Sơn Nhì, Quận Tân Phú, Thành phố Hồ Chí Minh.",Số điện thoại: (028) 3620 3802,"Ministop -  Tân Sơn Nhì 3 200A - 200B Tân Sơn Nhì, Phường Tân Sơn Nhì, Quận Tân Phú, Thành phố Hồ Chí Minh."
Ministop -  Tân Kỳ Tân Quý 3,"164A Tân Kỳ Tân Quý, Phường Sơn Kỳ, Quận Tân Phú, Thành phố Hồ Chí Minh.",Số điện thoại: (028) 3535 9962,"Ministop -  Tân Kỳ Tân Quý 3 164A Tân Kỳ Tân Quý, Phường Sơn Kỳ, Quận Tân Phú, Thành phố Hồ Chí Minh."
Ministop -  Alnata Plus – Celadon City,"S2.0.02, Tầng Trệt và Tầng 1, Khối đế P2, Khu A6 (Alnata Plus – Celadon City), Số 2, Đường N1, Phường Sơn Kỳ, Quận Tân Phú, Thành phố Hồ Chí Minh.",Số điện thoại: (028) 3620 1606,"Ministop -  Alnata Plus – Celadon City S2.0.02, Tầng Trệt và Tầng 1, Khối đế P2, Khu A6 (Alnata Plus – Celadon City), Số 2, Đường N1, Phường Sơn Kỳ, Quận Tân Phú, Thành phố Hồ Chí Minh."
Ministop -  Đường 154,"223 Đường 154, Phường Tân Phú, Thành phố Thủ Đức, Thành phố Hồ Chí Minh.",Số điện thoại: (028) 3620 1830,"Ministop -  Đường 154 223 Đường 154, Phường Tân Phú, Thành phố Thủ Đức, Thành phố Hồ Chí Minh."
Ministop -  Tô Hiến Thành,"161 Tô Hiến Thành, Phường 13, Quận 10, Thành phố Hồ Chí Minh.",Số điện thoại: (028) 3620 5929,"Ministop -  Tô Hiến Thành 161 Tô Hiến Thành, Phường 13, Quận 10, Thành phố Hồ Chí Minh."
Ministop -  Westgate,"0.04 Lầu Trệt (Thông tầng) Tháp A1, Dự án Westgate, Lô F Trung tâm hành chính huyện Bình Chánh, Đường Tân Túc, Khu phố 4, Thị trấn Tân Túc, Huyện Bình Chánh, Thành phố Hồ Chí Minh.",Số điện thoại: (028) 3535 9715,"Ministop -  Westgate 0.04 Lầu Trệt (Thông tầng) Tháp A1, Dự án Westgate, Lô F Trung tâm hành chính huyện Bình Chánh, Đường Tân Túc, Khu phố 4, Thị trấn Tân Túc, Huyện Bình Chánh, Thành phố Hồ Chí Minh."
Ministop -  Chương Dương 2,"24A Chương Dương, Khu phố 3, Phường Linh Chiểu, Thành phố Thủ Đức, Thành phố Hồ Chí Minh",Số điện thoại: (028) 3620 1353,"Ministop -  Chương Dương 2 24A Chương Dương, Khu phố 3, Phường Linh Chiểu, Thành phố Thủ Đức, Thành phố Hồ Chí Minh"
Ministop -  UOA Tower,"UOA Tower, 6 Tân Trào, Phường Tân Phú, Quận 7, Thành phố Hồ Chí Minh.",Số điện thoại: (028) 3535 6356,"Ministop -  UOA Tower UOA Tower, 6 Tân Trào, Phường Tân Phú, Quận 7, Thành phố Hồ Chí Minh."
Ministop -  Mạc Đĩnh Chi 2,"65 Bis Mạc Đĩnh Chi, Phường Đa Kao, Quận 1, Thành phố Hồ Chí Minh.",Số điện thoại: (028) 3535 7389,"Ministop -  Mạc Đĩnh Chi 2 65 Bis Mạc Đĩnh Chi, Phường Đa Kao, Quận 1, Thành phố Hồ Chí Minh."
Ministop -  Điện Biên Phủ 2,"153 Điện Biên Phủ, Phường 2, Quận Bình Thạnh, Thành phố Hồ Chí Minh.",Số điện thoại: (028) 3620 9940,"Ministop -  Điện Biên Phủ 2 153 Điện Biên Phủ, Phường 2, Quận Bình Thạnh, Thành phố Hồ Chí Minh."
Ministop -  Lê Quang Định 2,"97 Lê Quang Định, Phường 14, Quận Bình Thạnh, Thành phố Hồ Chí Minh.",Số điện thoại: (028) 3535 9517,"Ministop -  Lê Quang Định 2 97 Lê Quang Định, Phường 14, Quận Bình Thạnh, Thành phố Hồ Chí Minh."
Ministop -  An Dương Vương,"822 - 824 An Dương Vương, Phường 13, Quận 6, Thành phố Hồ Chí Minh.",Số điện thoại: (028) 3535 6125,"Ministop -  An Dương Vương 822 - 824 An Dương Vương, Phường 13, Quận 6, Thành phố Hồ Chí Minh."
Ministop -  Hòa Bình,"53 Hòa Bình, Phường Tân Thới Hòa, Quận Tân Phú, Thành phố Hồ Chí Minh.",Số điện thoại: (028) 3620 2686,"Ministop -  Hòa Bình 53 Hòa Bình, Phường Tân Thới Hòa, Quận Tân Phú, Thành phố Hồ Chí Minh."
Ministop -  Đại Lộ 3,"163 Đại Lộ 3, Phường Phước Bình, Thành phố Thủ Đức, Thành phố Hồ Chí Minh.",Số điện thoại: (028) 3620 1829,"Ministop -  Đại Lộ 3 163 Đại Lộ 3, Phường Phước Bình, Thành phố Thủ Đức, Thành phố Hồ Chí Minh."
Ministop -  Đường số 12,"13A Đường số 12, Khu phố 4, Phường An Khánh, Thành phố Thủ Đức, Thành phố Hồ Chí Minh.",Số điện thoại: (028) 3620 1716,"Ministop -  Đường số 12 13A Đường số 12, Khu phố 4, Phường An Khánh, Thành phố Thủ Đức, Thành phố Hồ Chí Minh."
Ministop -  Kha Vạn Cân,"819 Kha Vạn Cân, Khu phố 2, Phường Linh Tây, Thành phố Thủ Đức, Thành phố Hồ Chí Minh.",Số điện thoại: (028) 3535 9830,"Ministop -  Kha Vạn Cân 819 Kha Vạn Cân, Khu phố 2, Phường Linh Tây, Thành phố Thủ Đức, Thành phố Hồ Chí Minh."
Ministop -  Đại học Văn Lang,"233A Phan Văn Trị, Phường 11, Quận Bình Thạnh, Thành phố Hồ Chí Minh.",Số điện thoại: (028) 3535 5822,"Ministop -  Đại học Văn Lang 233A Phan Văn Trị, Phường 11, Quận Bình Thạnh, Thành phố Hồ Chí Minh."
Ministop -  Dương Đức Hiền,"33 - 35 Dương Đức Hiền, Phường Tây Thạnh, Quận Tân Phú, Thành phố Hồ Chí Minh.",Số điện thoại: (028) 3620 3957,"Ministop -  Dương Đức Hiền 33 - 35 Dương Đức Hiền, Phường Tây Thạnh, Quận Tân Phú, Thành phố Hồ Chí Minh."
Ministop -  Hoàng Việt 2,"59 Hoàng Việt, Phường 04, Quận Tân Bình, Thành phố Hồ Chí Minh.",Số điện thoại: (028) 3620 3960,"Ministop -  Hoàng Việt 2 59 Hoàng Việt, Phường 04, Quận Tân Bình, Thành phố Hồ Chí Minh."
Ministop -  Âu Dương Lân,"352A Âu Dương Lân, Phường Rạch Ông, Quận 8, Thành phố Hồ Chí Minh.",Số điện thoại: (028) 3620 2885,"Ministop -  Âu Dương Lân 352A Âu Dương Lân, Phường Rạch Ông, Quận 8, Thành phố Hồ Chí Minh."
Ministop -  Hoàng Hoa Thám 4,"153A Hoàng Hoa Thám, Phường 13, Quận Tân Bình, Thành phố Hồ Chí Minh.",Số điện thoại: (028) 3620 2722,"Ministop -  Hoàng Hoa Thám 4 153A Hoàng Hoa Thám, Phường 13, Quận Tân Bình, Thành phố Hồ Chí Minh."
Ministop -  Nguyễn Văn Lượng,"368/16 Nguyễn Văn Lượng, Phường 16, Quận Gò Vấp, Thành phố Hồ Chí Minh.",Số điện thoại: (028) 3620 3315,"Ministop -  Nguyễn Văn Lượng 368/16 Nguyễn Văn Lượng, Phường 16, Quận Gò Vấp, Thành phố Hồ Chí Minh."
Ministop -  Nguyễn Chí Thanh,"157 - 157A Nguyễn Chí Thanh, Phường 12, Quận 05, Thành phố Hồ Chí Minh.",Số điện thoại: (028) 3620 3622,"Ministop -  Nguyễn Chí Thanh 157 - 157A Nguyễn Chí Thanh, Phường 12, Quận 05, Thành phố Hồ Chí Minh."
Ministop -  Bùi Văn Ba,"208 Bùi Văn Ba, Khu phố 2, Phường Tân Thuận Đông, Quận 7, Thành phố Hồ Chí Minh.",Số điện thoại: (028) 3535 7045,"Ministop -  Bùi Văn Ba 208 Bùi Văn Ba, Khu phố 2, Phường Tân Thuận Đông, Quận 7, Thành phố Hồ Chí Minh."
Ministop -  Cityland Park Hills 2,"Lô thương mại TMDV03 tại tầng 1, địa chỉ số 0.08 Chung cư CH3, Đường số 8, Khu dân cư Cityland, Phường 10, Quận Gò Vấp, Thành phố Hồ Chí Minh.",Số điện thoại: (028) 0912619489,"Ministop -  Cityland Park Hills 2 Lô thương mại TMDV03 tại tầng 1, địa chỉ số 0.08 Chung cư CH3, Đường số 8, Khu dân cư Cityland, Phường 10, Quận Gò Vấp, Thành phố Hồ Chí Minh."
Ministop -  Khu dân cư Vĩnh Lộc,"01 Đường số 8, Khu dân cư Vĩnh Lộc, Khu phố 4, Phường Bình Hưng Hòa B, Quận Bình Tân, Thành phố Hồ Chí Minh.",Số điện thoại: (028) 3620 5987,"Ministop -  Khu dân cư Vĩnh Lộc 01 Đường số 8, Khu dân cư Vĩnh Lộc, Khu phố 4, Phường Bình Hưng Hòa B, Quận Bình Tân, Thành phố Hồ Chí Minh."
Ministop -  Lạc Long Quân 3,"353 Lạc Long Quân, Phường 05, Quận 11, Thành phố Hồ Chí Minh.",Số điện thoại: (028) 3535 9627,"Ministop -  Lạc Long Quân 3 353 Lạc Long Quân, Phường 05, Quận 11, Thành phố Hồ Chí Minh."
Ministop -  Đất Mới,"367 Đất Mới, Khu phố 5, Phường Bình Trị Đông A, Quận Bình Tân, Thành phố Hồ Chí Minh.",Số điện thoại: (028) 3622 1848,"Ministop -  Đất Mới 367 Đất Mới, Khu phố 5, Phường Bình Trị Đông A, Quận Bình Tân, Thành phố Hồ Chí Minh."
Ministop -  Phạm Văn Bạch,"997 Phạm Văn Bạch, Phường 12, Quận Gò Vấp, Thành phố Hồ Chí Minh.",Số điện thoại: (028) 3535 2946,"Ministop -  Phạm Văn Bạch 997 Phạm Văn Bạch, Phường 12, Quận Gò Vấp, Thành phố Hồ Chí Minh."
Ministop -  Cao ốc Re,"Tầng 1&2 – TMDV 03 – Cao ốc RES11, 205 Lạc Long Quân, Phường 03, Quận 11, Thành phố Hồ Chí Minh.",Số điện thoại: (028) 3620 7719,"Ministop -  Cao ốc Re Tầng 1&2 – TMDV 03 – Cao ốc RES11, 205 Lạc Long Quân, Phường 03, Quận 11, Thành phố Hồ Chí Minh."
Ministop -  Phan Văn Đạt,"13 Phan Văn Đạt, Phường Bến Nghé, Quận 01, Thành phố Hồ Chí Minh.",Số điện thoại: (028) 3510 0838,"Ministop -  Phan Văn Đạt 13 Phan Văn Đạt, Phường Bến Nghé, Quận 01, Thành phố Hồ Chí Minh."
Ministop -  Lý Tự Trọng 3,"126 Lý Tự Trọng, Phường Bến Thành, Quận 01, Thành phố Hồ Chí Minh.",Số điện thoại: (028) 3535 9447,"Ministop -  Lý Tự Trọng 3 126 Lý Tự Trọng, Phường Bến Thành, Quận 01, Thành phố Hồ Chí Minh."
Ministop -  Tân Quý 2,"192 - 194 Tân Quý, Phường Tân Quý, Quận Tân Phú, Thành phố Hồ Chí Minh.",Số điện thoại: (028) 3620 5590,"Ministop -  Tân Quý 2 192 - 194 Tân Quý, Phường Tân Quý, Quận Tân Phú, Thành phố Hồ Chí Minh."
Ministop -  Trần Bình Trọng,"52G Trần Bình Trọng, Phường 05, Quận Bình Thạnh, Thành phố Hồ Chí Minh.",Số điện thoại: (028) 3515 6095,"Ministop -  Trần Bình Trọng 52G Trần Bình Trọng, Phường 05, Quận Bình Thạnh, Thành phố Hồ Chí Minh."
Ministop -  Lạc Long Quân 2,"109 Lạc Long Quân, Phường 01, Quận 11, Thành phố Hồ Chí Minh.",Số điện thoại: (028) 3620 4151,"Ministop -  Lạc Long Quân 2 109 Lạc Long Quân, Phường 01, Quận 11, Thành phố Hồ Chí Minh."
Ministop -  Thành Thái 3,"5 Thành Thái, Phường 14, Quận 10, Thành phố Hồ Chí Minh.",Số điện thoại: (028) 3622 1890,"Ministop -  Thành Thái 3 5 Thành Thái, Phường 14, Quận 10, Thành phố Hồ Chí Minh."
Ministop -  Mã Lò,"168 Mã Lò, Khu phố 2, Phường Bình Trị Đông A, Quận Bình Tân, Thành phố Hồ Chí Minh.",Số điện thoại: (028) 3535 8400,"Ministop -  Mã Lò 168 Mã Lò, Khu phố 2, Phường Bình Trị Đông A, Quận Bình Tân, Thành phố Hồ Chí Minh."
Ministop -  Lê Văn Thọ,"314 Lê Văn Thọ, Phường 11, Quận Gò Vấp, Thành phố Hồ Chí Minh.",Số điện thoại: (028) 3535 2762,"Ministop -  Lê Văn Thọ 314 Lê Văn Thọ, Phường 11, Quận Gò Vấp, Thành phố Hồ Chí Minh."
Ministop -  Lê Đức Thọ 2,"1177 Lê Đức Thọ, Phường 15, Quận Gò Vấp, Thành phố Hồ Chí Minh.",Số điện thoại: (028) 3535 2745,"Ministop -  Lê Đức Thọ 2 1177 Lê Đức Thọ, Phường 15, Quận Gò Vấp, Thành phố Hồ Chí Minh."
Ministop -  Cư Xá Lữ Gia,"77B Đường số 2 Cư Xá Lữ Gia, Phường 15, Quận 11, Thành phố Hồ Chí Minh.",Số điện thoại: (028) 3535 6285,"Ministop -  Cư Xá Lữ Gia 77B Đường số 2 Cư Xá Lữ Gia, Phường 15, Quận 11, Thành phố Hồ Chí Minh."
Ministop -  Bệnh Viện Quân Y 175,"786 Nguyễn Kiệm, Phường 03, Quận Gò Vấp, Thành phố Hồ Chí Minh.",Số điện thoại: (028) 3535 2817,"Ministop -  Bệnh Viện Quân Y 175 786 Nguyễn Kiệm, Phường 03, Quận Gò Vấp, Thành phố Hồ Chí Minh."
Ministop -  Tân Kỳ Tân Quý 2,"446 Tân Kỳ Tân Quý, Phường Sơn Kỳ, Quận Tân Phú, Thành phố Hồ Chí Minh.",Số điện thoại: (028) 3535 8695,"Ministop -  Tân Kỳ Tân Quý 2 446 Tân Kỳ Tân Quý, Phường Sơn Kỳ, Quận Tân Phú, Thành phố Hồ Chí Minh."
Ministop -  One Verandah,"Cửa hàng thương mại số SH11 và SH12, Dự án One Verandah, số 02 đường Bát Nàn, Khu phố 01, Phường Thạnh Mỹ Lợi, Thành phố Thủ Đức, Thành phố Hồ Chí Minh.",Số điện thoại: (028) 3535 7816,"Ministop -  One Verandah Cửa hàng thương mại số SH11 và SH12, Dự án One Verandah, số 02 đường Bát Nàn, Khu phố 01, Phường Thạnh Mỹ Lợi, Thành phố Thủ Đức, Thành phố Hồ Chí Minh."
Ministop -  Đường số 01,"107 Đường số 01, Phường 11, Quận Gò Vấp, Thành phố Hồ Chí Minh.",Số điện thoại: (028) 3535 6390,"Ministop -  Đường số 01 107 Đường số 01, Phường 11, Quận Gò Vấp, Thành phố Hồ Chí Minh."
Ministop -  Âu Cơ 3,"5/7A Âu Cơ, Phường 09, Quận Tân Bình, Thành phố Hồ Chí Minh.",Số điện thoại: (028) 3535 7917,"Ministop -  Âu Cơ 3 5/7A Âu Cơ, Phường 09, Quận Tân Bình, Thành phố Hồ Chí Minh."
Ministop -  Vườn Lài 3,"221/40 Vườn Lài, Phường Phú Thọ Hòa, Quận Tân Phú, Thành phố Hồ Chí Minh.",Số điện thoại: (028) 3535 7927,"Ministop -  Vườn Lài 3 221/40 Vườn Lài, Phường Phú Thọ Hòa, Quận Tân Phú, Thành phố Hồ Chí Minh."
Ministop -  Lý Tự Trọng 2,"101A Lý Tự Trọng, Phường Bến Thành, Quận 01, Thành phố Hồ Chí Minh.",Số điện thoại: (028) 3535 7827,"Ministop -  Lý Tự Trọng 2 101A Lý Tự Trọng, Phường Bến Thành, Quận 01, Thành phố Hồ Chí Minh."
Ministop -  Thạch Thị Thanh,"55 Thạch Thị Thanh, Phường Tân Định, Quận 01, Thành phố Hồ Chí Minh",Số điện thoại: (028) 3535 8719,"Ministop -  Thạch Thị Thanh 55 Thạch Thị Thanh, Phường Tân Định, Quận 01, Thành phố Hồ Chí Minh"
Ministop -  Nguyễn Văn Khối,"220/82 Nguyễn Văn Khối, Phường 8, Quận Gò Vấp, Thành phố Hồ Chí Minh",Số điện thoại: (028) 35357819,"Ministop -  Nguyễn Văn Khối 220/82 Nguyễn Văn Khối, Phường 8, Quận Gò Vấp, Thành phố Hồ Chí Minh"
Ministop -  Lý Thánh Tông,"46 Lý Thánh Tông, Phường Hiệp Tân, Quận Tân Phú, Thành phố Hồ Chí Minh.",Số điện thoại: (028) 3535 9817,"Ministop -  Lý Thánh Tông 46 Lý Thánh Tông, Phường Hiệp Tân, Quận Tân Phú, Thành phố Hồ Chí Minh."
Ministop -  Đường số 28,"143 Đường số 28, Phường 6, Quận Gò Vấp, Thành phố Hồ Chí Minh",Số điện thoại: (028) 3535 7607,"Ministop -  Đường số 28 143 Đường số 28, Phường 6, Quận Gò Vấp, Thành phố Hồ Chí Minh"
Ministop -  Đường số 59,"83 Đường số 59, Phường 14, Quận Gò Vấp, Thành phố Hồ Chí Minh",Số điện thoại: (028) 3535 2965,"Ministop -  Đường số 59 83 Đường số 59, Phường 14, Quận Gò Vấp, Thành phố Hồ Chí Minh"
Ministop -  Huỳnh Văn Nghệ,"96 Huỳnh Văn Nghệ, Phường 15 Quận Tân Bình, Thành phố Hồ Chí Minh.",Số điện thoại: (028) 3535 9976,"Ministop -  Huỳnh Văn Nghệ 96 Huỳnh Văn Nghệ, Phường 15 Quận Tân Bình, Thành phố Hồ Chí Minh."
Ministop -  Thạch Lam 2,"280 Thạch Lam, Phường Phú Thạnh, Quận Tân Phú, Thành phố Hồ Chí Minh.",Số điện thoại: (028) 3535 9529,"Ministop -  Thạch Lam 2 280 Thạch Lam, Phường Phú Thạnh, Quận Tân Phú, Thành phố Hồ Chí Minh."
Ministop -  Trịnh Đình Trọng 2,"270A - 272 Trịnh Đình Trọng, Phường Phú Trung, Quận Tân Phú, Thành phố Hồ Chí Minh.",Số điện thoại: (028) 3535 9985,"Ministop -  Trịnh Đình Trọng 2 270A - 272 Trịnh Đình Trọng, Phường Phú Trung, Quận Tân Phú, Thành phố Hồ Chí Minh."
Ministop -  Bùi Quang Là,"92 – 94 Bùi Quang Là, Phường 12, Quận Gò Vấp, Thành phố Hồ Chí Minh.",Số điện thoại: (028) 3535 6718,"Ministop -  Bùi Quang Là 92 – 94 Bùi Quang Là, Phường 12, Quận Gò Vấp, Thành phố Hồ Chí Minh."
Ministop -  Topaz City,"Lô thương mại dịch vụ B1 tầng 1, Chung cư Topaz City - 39 Cao Lỗ, Phường 04, Quận 08, Thành phố Hồ Chí Minh.",Số điện thoại: (028) 3535 8677,"Ministop -  Topaz City Lô thương mại dịch vụ B1 tầng 1, Chung cư Topaz City - 39 Cao Lỗ, Phường 04, Quận 08, Thành phố Hồ Chí Minh."
Ministop -  Bàu Cát,"307A – 307B – 307C Bàu Cát, Phường 12, Quận Tân Bình, Thành phố Hồ Chí Minh.",Số điện thoại: (028) 3535 9049,"Ministop -  Bàu Cát 307A – 307B – 307C Bàu Cát, Phường 12, Quận Tân Bình, Thành phố Hồ Chí Minh."
Ministop -  Tân Kỳ Tân Quý,"293B – 293C Tân Kỳ Tân Quý, Phường Tân Sơn Nhì, Quận Tân Phú, Thành phố Hồ Chí Minh",Số điện thoại: (028) 3535 5980,"Ministop -  Tân Kỳ Tân Quý 293B – 293C Tân Kỳ Tân Quý, Phường Tân Sơn Nhì, Quận Tân Phú, Thành phố Hồ Chí Minh"
Ministop -  Phạm Văn Chí,"220 Phạm Văn Chí, Phường 1, Quận 06, Thành phố Hồ Chí Minh.",Số điện thoại: (028) 3535 3427,"Ministop -  Phạm Văn Chí 220 Phạm Văn Chí, Phường 1, Quận 06, Thành phố Hồ Chí Minh."
Ministop -  Đường số 10,"86 – 88 Đường số 10, Phường 13, Quận 06, Thành phố Hồ Chí Minh.",Số điện thoại: (028) 3535 1590,"Ministop -  Đường số 10 86 – 88 Đường số 10, Phường 13, Quận 06, Thành phố Hồ Chí Minh."
Ministop -  Thạch Lam,"113 Thạch Lam, Phường Hiệp Tân, Quận Tân Phú, Thành phố Hồ Chí Minh.",Số điện thoại: (028) 3535 3498,"Ministop -  Thạch Lam 113 Thạch Lam, Phường Hiệp Tân, Quận Tân Phú, Thành phố Hồ Chí Minh."
Ministop -  Water Point,"Tầng trệt gian hàng số 02, Trạm xe buýt và khu thương mại dịch vụ thuộc Lô MC5 thuộc khu đô thị mới Vàm Cỏ Đông, Xã An Thạnh, Huyện Bến Lức, Tỉnh Long An.",Số điện thoại: (028) 0916180127,"Ministop -  Water Point Tầng trệt gian hàng số 02, Trạm xe buýt và khu thương mại dịch vụ thuộc Lô MC5 thuộc khu đô thị mới Vàm Cỏ Đông, Xã An Thạnh, Huyện Bến Lức, Tỉnh Long An."
Ministop -  Akari City,"AK5-00.01 Akari City, 77 Võ Văn Kiệt P.An Lạc, Q.Bình Tân, TP.HCM",Số điện thoại: (028) 3535 9478,"Ministop -  Akari City AK5-00.01 Akari City, 77 Võ Văn Kiệt P.An Lạc, Q.Bình Tân, TP.HCM"
Ministop -  Đường số 6,"165 Đường số 6, Phường Bình Trị Đông B, Quận Bình Tân, TP. HCM",Số điện thoại: (028) 3535 7967,"Ministop -  Đường số 6 165 Đường số 6, Phường Bình Trị Đông B, Quận Bình Tân, TP. HCM"
Ministop -  Vũ Tùng 2,"135 - 137 Vũ Tùng, Phường 2, Quận Bình Thạnh, TPHCM",Số điện thoại: (028) 3535 8575,"Ministop -  Vũ Tùng 2 135 - 137 Vũ Tùng, Phường 2, Quận Bình Thạnh, TPHCM"
Ministop -  Thống Nhất,"141 Thống Nhất, Phường Tân Thành, Quận Tân Phú, TPHCM",Số điện thoại: (028) 3535 8667,"Ministop -  Thống Nhất 141 Thống Nhất, Phường Tân Thành, Quận Tân Phú, TPHCM"
Ministop -  Lê Đức Thọ,527 Lê Đức Thọ P.16 Q.Gò Vấp,Số điện thoại: (028) 3535 5827,Ministop -  Lê Đức Thọ 527 Lê Đức Thọ P.16 Q.Gò Vấp
Ministop -  Tô Hiệu,"57K Tô Hiệu, P.Hiệp Tân, Q.Tân Phú",Số điện thoại: (028) 3535 3317,"Ministop -  Tô Hiệu 57K Tô Hiệu, P.Hiệp Tân, Q.Tân Phú"
Ministop -  Võ Thành Trang,"120 - 122 Võ Thành Trang, Phường 11, Quận Tân Bình, Thành phố Hồ Chí Minh.",Số điện thoại: (028) 3636 5586,"Ministop -  Võ Thành Trang 120 - 122 Võ Thành Trang, Phường 11, Quận Tân Bình, Thành phố Hồ Chí Minh."
Ministop -  Tôn Thất Hiệp,"282 - 284 Tôn Thất Hiệp, Phường 8, Quận 11, Thành phố Hồ Chí Minh.",Số điện thoại: (028) 3636 1876,"Ministop -  Tôn Thất Hiệp 282 - 284 Tôn Thất Hiệp, Phường 8, Quận 11, Thành phố Hồ Chí Minh."
Ministop -  Sunwah Pearl,"Căn hộ thương mại số S-16 gồm 01 Tầng Thuộc Dự Án Sunwah Pearl, số 90 Nguyễn Hữu Cảnh, phường 22, quận Bình Thạnh, TP. HCM",Số điện thoại: (028) 3535 6968,"Ministop -  Sunwah Pearl Căn hộ thương mại số S-16 gồm 01 Tầng Thuộc Dự Án Sunwah Pearl, số 90 Nguyễn Hữu Cảnh, phường 22, quận Bình Thạnh, TP. HCM"
Ministop -  Safira D,"Căn D2.01.04-TM tại tầng 01 và tầng 02 của tháp D2 thuộc Khu nhà ở cao tầng Công ty Saphire tại số 454 đường Võ Chí Công, Khu phố 2, phường Phú Hữu, Tp. Thủ Đức, TP.HCM.",Số điện thoại: (028) 3535 0335,"Ministop -  Safira D Căn D2.01.04-TM tại tầng 01 và tầng 02 của tháp D2 thuộc Khu nhà ở cao tầng Công ty Saphire tại số 454 đường Võ Chí Công, Khu phố 2, phường Phú Hữu, Tp. Thủ Đức, TP.HCM."
Ministop -  HaDo Centrosa Garden,"I-1.TM.05, Khu vực thương mại khối Iris(I), Khu Phức Hợp HaDo Centrosa, số 200, đường 3/2, Phường 12, Quận 10, TP. HCM.",Số điện thoại: (028) 3535 0479,"Ministop -  HaDo Centrosa Garden I-1.TM.05, Khu vực thương mại khối Iris(I), Khu Phức Hợp HaDo Centrosa, số 200, đường 3/2, Phường 12, Quận 10, TP. HCM."
Ministop -  Sài Gòn South,"Căn D0.02 Khu nhà ở xã Phước Kiển, huyện Nhà Bè – Khu nhà ở Nam Sài Gòn Residences, ấp 5, xã Phước Kiển, huyện Nhà Bè, TP.Hồ Chí Minh",Số điện thoại: (028) 0917 425 576,"Ministop -  Sài Gòn South Căn D0.02 Khu nhà ở xã Phước Kiển, huyện Nhà Bè – Khu nhà ở Nam Sài Gòn Residences, ấp 5, xã Phước Kiển, huyện Nhà Bè, TP.Hồ Chí Minh"
Ministop -  Saigon Royal,"A.1.02 tại Tầng 01, tháp A thuộc Trung tâm Thương mại – Dịch vụ, Officetel và Căn hộ ở tại số 34 – 35 Bến Vân Đồn, Phường 13, Quận 4, TPHCM",Số điện thoại: (028) 3535 1479,"Ministop -  Saigon Royal A.1.02 tại Tầng 01, tháp A thuộc Trung tâm Thương mại – Dịch vụ, Officetel và Căn hộ ở tại số 34 – 35 Bến Vân Đồn, Phường 13, Quận 4, TPHCM"
Ministop -  The CBD,"A1-1-5, Tầng số 1 Tháp A Tòa Nhà The CBD tại số 125 Đường Đồng Văn Cống, Phường Thạnh Mỹ Lợi, Tp. Thủ Đức, TP.HCM.",Số điện thoại: (028) 3620 8057,"Ministop -  The CBD A1-1-5, Tầng số 1 Tháp A Tòa Nhà The CBD tại số 125 Đường Đồng Văn Cống, Phường Thạnh Mỹ Lợi, Tp. Thủ Đức, TP.HCM."
Ministop -  Trần Hưng Đạo,"945 - 947 Trần Hưng Đạo, Phường 01, Quận 5, TP. HCM",Số điện thoại: (028) 3620 4116,"Ministop -  Trần Hưng Đạo 945 - 947 Trần Hưng Đạo, Phường 01, Quận 5, TP. HCM"
Ministop -  Điện Biên Phủ,"563 Điện Biên Phủ, Phường 1, Quận 3, TP.HCM.",Số điện thoại: (028) 3830 0797,"Ministop -  Điện Biên Phủ 563 Điện Biên Phủ, Phường 1, Quận 3, TP.HCM."
Ministop -  Bùi Đình Túy 2,"114 Bùi Đình Túy, Phường 12, Quận Bình Thạnh, Tp.HCM",Số điện thoại: (028) 3620 7236,"Ministop -  Bùi Đình Túy 2 114 Bùi Đình Túy, Phường 12, Quận Bình Thạnh, Tp.HCM"
Ministop -  Đại học Ngân Hàng,"56 Hoàng Diệu 2, Phường Linh Chiểu, Tp. Thủ Đức, Tp.HCM",Số điện thoại: (028) 3620 9039,"Ministop -  Đại học Ngân Hàng 56 Hoàng Diệu 2, Phường Linh Chiểu, Tp. Thủ Đức, Tp.HCM"
Ministop -  Nguyễn Trãi,"927 Nguyễn Trãi, Phường 14, Quận 5, Tp.HCM",Số điện thoại: (028) 3853 7789,"Ministop -  Nguyễn Trãi 927 Nguyễn Trãi, Phường 14, Quận 5, Tp.HCM"
Ministop -  Palm Residence,"SH-7C, 12A Đường A5 Khu dân cư Palm Residence, Khu phố 3, Phường An Phú, Tp. Thủ Đức, Tp.HCM",Số điện thoại: (028) 3620 4986,"Ministop -  Palm Residence SH-7C, 12A Đường A5 Khu dân cư Palm Residence, Khu phố 3, Phường An Phú, Tp. Thủ Đức, Tp.HCM"
Ministop -  Homyland Riverside,"Lô thương mại SH1 thuộc chung cư cao cấp Homyland Riverside, 14 Đường số 1-THM, Phường Bình Trưng Đông, Thành phố Thủ Đức, Thành phố Hồ Chí Minh.",Số điện thoại: (028) 3620 5377,"Ministop -  Homyland Riverside Lô thương mại SH1 thuộc chung cư cao cấp Homyland Riverside, 14 Đường số 1-THM, Phường Bình Trưng Đông, Thành phố Thủ Đức, Thành phố Hồ Chí Minh."
Ministop -  Cityland,"Park Hills P5-00.10, Tầng 1, Tòa nhà chung cư CH1, số 18 Phan Văn Trị, Phường 10, Quận Gò Vấp, Thành phố Hồ Chí Minh.",Số điện thoại: (028) 2250 8150,"Ministop -  Cityland Park Hills P5-00.10, Tầng 1, Tòa nhà chung cư CH1, số 18 Phan Văn Trị, Phường 10, Quận Gò Vấp, Thành phố Hồ Chí Minh."
Ministop -  Mai Thị Lựu,"21 Mai Thị Lựu, Phường Đa Kao, Quận 1, TP.HCM",Số điện thoại: (028) 3820 8079,"Ministop -  Mai Thị Lựu 21 Mai Thị Lựu, Phường Đa Kao, Quận 1, TP.HCM"
Ministop -  Ni Sư Huỳnh Liên,"73 Ni Sư Huỳnh Liên, Phường 10, Quận Tân Bình, TP.HCM",Số điện thoại: (028) 3620 5650,"Ministop -  Ni Sư Huỳnh Liên 73 Ni Sư Huỳnh Liên, Phường 10, Quận Tân Bình, TP.HCM"
Ministop -  Masteri An Phú,"TMDV30, Dự án Masteri An Phú, 179 Võ Nguyên Giáp, Phường Thảo Điền, Thành phố Thủ Đức, Thành phố Hồ Chí Minh.",Số điện thoại: (028) 3620 0495,"Ministop -  Masteri An Phú TMDV30, Dự án Masteri An Phú, 179 Võ Nguyên Giáp, Phường Thảo Điền, Thành phố Thủ Đức, Thành phố Hồ Chí Minh."
Ministop -  The Sun Avenue,"SAV.5-00.06 The Sun Avenue, 28 Mai Chí Thọ, Phường An Phú, TP. Thủ Đức, TP. HCM",Số điện thoại: (028) 3636 6035,"Ministop -  The Sun Avenue SAV.5-00.06 The Sun Avenue, 28 Mai Chí Thọ, Phường An Phú, TP. Thủ Đức, TP. HCM"
Ministop -  Hồ Văn Huê,"43F Hồ Văn Huê, Phường 9, Quận Phú Nhuận",Số điện thoại: (028) 3636 8140,"Ministop -  Hồ Văn Huê 43F Hồ Văn Huê, Phường 9, Quận Phú Nhuận"
Ministop -  Đảo Kim Cương,"Căn B2.2G, Tầng B2, Tháp Hawaii, Đảo Kim Cương, Số 1 Đường 104 - BTT, KP. 3, P. Bình Trưng Tây, TP. Thủ Đức, TP. HCM",Số điện thoại: (028) 3636 8920,"Ministop -  Đảo Kim Cương Căn B2.2G, Tầng B2, Tháp Hawaii, Đảo Kim Cương, Số 1 Đường 104 - BTT, KP. 3, P. Bình Trưng Tây, TP. Thủ Đức, TP. HCM"
Ministop -  Vinhomes Golden River (Bason),"Căn A2SH09 tầng trệt và tầng 01 tòa A2 Vinhomes Golden River, 02 Tôn Đức Thắng, Phường Bến Nghé, Quận 1",Số điện thoại: (028) 3636 6044,"Ministop -  Vinhomes Golden River (Bason) Căn A2SH09 tầng trệt và tầng 01 tòa A2 Vinhomes Golden River, 02 Tôn Đức Thắng, Phường Bến Nghé, Quận 1"
Ministop -  Đường 3/2,"666/64 Đường 3/2, Phường 14, Quận 10",Số điện thoại: (028) 3863 8684,"Ministop -  Đường 3/2 666/64 Đường 3/2, Phường 14, Quận 10"
Ministop -  Phùng Văn Cung,"94D2 Phùng Văn Cung, Phường 7, Quận Phú Nhuận",Số điện thoại: (028) 3995 0577,"Ministop -  Phùng Văn Cung 94D2 Phùng Văn Cung, Phường 7, Quận Phú Nhuận"
Ministop -  Lê Thánh Tôn,"11 Lê Thánh Tôn, Phường Bến Nghé, Quận 1",Số điện thoại: (028) 3825 1200,"Ministop -  Lê Thánh Tôn 11 Lê Thánh Tôn, Phường Bến Nghé, Quận 1"
Ministop -  Hoàng Văn Thụ,"519 - 521 Hoàng Văn Thụ, Phường 4, Quận Tân Bình, Thành phố Hồ Chí Minh.",Số điện thoại: (028) 38115717,"Ministop -  Hoàng Văn Thụ 519 - 521 Hoàng Văn Thụ, Phường 4, Quận Tân Bình, Thành phố Hồ Chí Minh."
Ministop -  Nguyễn Thái Bình 2,"163 Nguyễn Thái Bình, Phường Nguyễn Thái Bình, Quận 1",Số điện thoại: (028) 3915 3350,"Ministop -  Nguyễn Thái Bình 2 163 Nguyễn Thái Bình, Phường Nguyễn Thái Bình, Quận 1"
Ministop -  Phổ Quang 2,"DH.7 thuộc Khu cao ốc văn phòng và Căn hộ chung cư số 5B đường Phổ Quang, Phường 2, Quận Tân Bình, Thành phố Hồ Chí Minh.",Số điện thoại: (028) 3636 1230,"Ministop -  Phổ Quang 2 DH.7 thuộc Khu cao ốc văn phòng và Căn hộ chung cư số 5B đường Phổ Quang, Phường 2, Quận Tân Bình, Thành phố Hồ Chí Minh."
Ministop -  Nguyễn Văn Nguyễn,"216C Nguyễn Văn Nguyễn, Phường Tân Định, Quận 1",Số điện thoại: (028) 3935 0959,"Ministop -  Nguyễn Văn Nguyễn 216C Nguyễn Văn Nguyễn, Phường Tân Định, Quận 1"
Ministop -  Nguyễn Cảnh Chân,"TK 17/1 Nguyễn Cảnh Chân, Phường Cầu Kho, Quận 1",Số điện thoại: (028) 3838 6900,"Ministop -  Nguyễn Cảnh Chân TK 17/1 Nguyễn Cảnh Chân, Phường Cầu Kho, Quận 1"
Ministop -  New City Thủ Thiêm,"Gian hàng số BB-S01, Tầng trệt, KDC New City, Số 17 Mai Chí Thọ, KP.3, Phường An Khánh, TP. Thủ Đức, TP. HCM",Số điện thoại: (028) 3636 5005,"Ministop -  New City Thủ Thiêm Gian hàng số BB-S01, Tầng trệt, KDC New City, Số 17 Mai Chí Thọ, KP.3, Phường An Khánh, TP. Thủ Đức, TP. HCM"
Ministop -  Trần Trọng Cung,"69 Trần Trọng Cung, Phường Tân Thuận Đông, Quận 7",Số điện thoại: (028) 3636 0966,"Ministop -  Trần Trọng Cung 69 Trần Trọng Cung, Phường Tân Thuận Đông, Quận 7"
Ministop -  Suối Tiên,"120 Xa Lộ Hà Nội, Phường Tân Phú, TP. Thủ Đức, TP. HCM",Số điện thoại: (028) 3636 0580,"Ministop -  Suối Tiên 120 Xa Lộ Hà Nội, Phường Tân Phú, TP. Thủ Đức, TP. HCM"
Ministop -  Thành Thái 2,"7A/7 Thành Thái, Phường 14, Quận 10",Số điện thoại: (028) 3868 8085,"Ministop -  Thành Thái 2 7A/7 Thành Thái, Phường 14, Quận 10"
Ministop -  Hutech 2,"15A Phân khu E1, Khu Công Nghệ Cao, Xa Lộ Hà Nội, Phường Hiệp Phú, TP. Thủ Đức, TP. HCM",Số điện thoại: (028) 7109 9388,"Ministop -  Hutech 2 15A Phân khu E1, Khu Công Nghệ Cao, Xa Lộ Hà Nội, Phường Hiệp Phú, TP. Thủ Đức, TP. HCM"
Ministop -  Nguyễn Cửu Vân,"79 Nguyễn Cửu Vân, Phường 17, Quận Bình Thạnh",Số điện thoại: (028) 3899 0639,"Ministop -  Nguyễn Cửu Vân 79 Nguyễn Cửu Vân, Phường 17, Quận Bình Thạnh"
Ministop -  Vạn Kiếp 2,"87 Vạn Kiếp, Phường 1, Quận Bình Thạnh, Thành phố Hồ Chí Minh.",Số điện thoại: (028) 3551 5717,"Ministop -  Vạn Kiếp 2 87 Vạn Kiếp, Phường 1, Quận Bình Thạnh, Thành phố Hồ Chí Minh."
Ministop -  Phú Thọ,"75 Phú Thọ, Phường 1, Quận 11",Số điện thoại: (028) 3960 1226,"Ministop -  Phú Thọ 75 Phú Thọ, Phường 1, Quận 11"
Ministop -  Đại Học Hồng Bàng,"215 Điện Biên Phủ, Phường 2, Quận Bình Thạnh, Thành phố Hồ Chí Minh.",Số điện thoại: (028) 3512 5039,"Ministop -  Đại Học Hồng Bàng 215 Điện Biên Phủ, Phường 2, Quận Bình Thạnh, Thành phố Hồ Chí Minh."
Ministop -  Bình Giã,"62 Bình Giã, Phường 13, Quận Tân Bình",Số điện thoại: (028) 3810 6939,"Ministop -  Bình Giã 62 Bình Giã, Phường 13, Quận Tân Bình"
Ministop -  Cao Thắng 2,"262 - 264 Cao Thắng, Phường 12, Quận 10",Số điện thoại: (028) 3862 0672,"Ministop -  Cao Thắng 2 262 - 264 Cao Thắng, Phường 12, Quận 10"
Ministop -  Nguyễn Trọng Tuyển 2,"41 Nguyễn Trọng Tuyển, Phường 15, Quận Phú Nhuận",Số điện thoại: (028) 3995 0993,"Ministop -  Nguyễn Trọng Tuyển 2 41 Nguyễn Trọng Tuyển, Phường 15, Quận Phú Nhuận"
Ministop -  Thích Quảng Đức,"113-115 Thích Quảng Đức, Phường 4, Quận Phú Nhuận",Số điện thoại: (028) 3990 3086,"Ministop -  Thích Quảng Đức 113-115 Thích Quảng Đức, Phường 4, Quận Phú Nhuận"
Ministop -  Ung Văn Khiêm,"31/53 Ung Văn Khiêm, Phường 25, Quận Bình Thạnh",Số điện thoại: (028) 3898 0400,"Ministop -  Ung Văn Khiêm 31/53 Ung Văn Khiêm, Phường 25, Quận Bình Thạnh"
Ministop -  Hoàng Diệu,"192A Hoàng Diệu, Phường 9, Quận 4",Số điện thoại: (028) 3826 6896,"Ministop -  Hoàng Diệu 192A Hoàng Diệu, Phường 9, Quận 4"
Ministop -  Bệnh Viện Nhi Đồng 1 Khu Ngoại Trú,"341 Sư Vạn Hạnh, Phường 10, Quận 10",Số điện thoại: (028) 3834 5580,"Ministop -  Bệnh Viện Nhi Đồng 1 Khu Ngoại Trú 341 Sư Vạn Hạnh, Phường 10, Quận 10"
Ministop -  Masteri Thảo Điền,"T5-B01.03+04, tại tầng 1 thuộc dự án Khu nhà ở chung cư cao cấp Masteri Thảo Điền, số 159 Võ Nguyên Giáp, Phường Thảo Điền, Thành phố Thủ Đức, Thành phố Hồ Chí Minh.",Số điện thoại: (028) 3620 2963,"Ministop -  Masteri Thảo Điền T5-B01.03+04, tại tầng 1 thuộc dự án Khu nhà ở chung cư cao cấp Masteri Thảo Điền, số 159 Võ Nguyên Giáp, Phường Thảo Điền, Thành phố Thủ Đức, Thành phố Hồ Chí Minh."
Ministop -  Bành Văn Trân,"108A Bành Văn Trân, Phường 7, Quận Tân Bình",Số điện thoại: (028) 3970 1107,"Ministop -  Bành Văn Trân 108A Bành Văn Trân, Phường 7, Quận Tân Bình"
Ministop -  Nguyễn Lâm,"46 Nguyễn Lâm, Phường 6, Quận 10",Số điện thoại: (028) 3853 3539,"Ministop -  Nguyễn Lâm 46 Nguyễn Lâm, Phường 6, Quận 10"
Ministop -  Thành Thái,"136 Thành Thái, Phường 12, Quận 10",Số điện thoại: (028) 3868 0989,"Ministop -  Thành Thái 136 Thành Thái, Phường 12, Quận 10"
Ministop -  Lý Nam Đế,"119 Lý Nam Đế, Phường 7, Quận 11, Thành phố Hồ Chí Minh",Số điện thoại: (028) 3955 1559,"Ministop -  Lý Nam Đế 119 Lý Nam Đế, Phường 7, Quận 11, Thành phố Hồ Chí Minh"
Ministop -  Nguyễn Thiện Thuật 2,"138 Nguyễn Thiện Thuật, Phường 3, Quận 3",Số điện thoại: (028) 3832 8699,"Ministop -  Nguyễn Thiện Thuật 2 138 Nguyễn Thiện Thuật, Phường 3, Quận 3"
Ministop -  Trần Nhân Tôn,"177 - 179 Trần Nhân Tôn, Phường 2, Quận 10",Số điện thoại: (028) 3830 1383,"Ministop -  Trần Nhân Tôn 177 - 179 Trần Nhân Tôn, Phường 2, Quận 10"
Ministop -  Bùi Đình Túy,"247C Bùi Đình Túy, Phường 14, Quận Bình Thạnh, Thành phố Hồ Chí Minh.",Số điện thoại: (028) 3511 6336,"Ministop -  Bùi Đình Túy 247C Bùi Đình Túy, Phường 14, Quận Bình Thạnh, Thành phố Hồ Chí Minh."
Ministop -  Đinh Bộ Lĩnh,"157 Đinh Bộ Lĩnh, Phường 26, Quận Bình Thạnh",Số điện thoại: (028) 3511 6179,"Ministop -  Đinh Bộ Lĩnh 157 Đinh Bộ Lĩnh, Phường 26, Quận Bình Thạnh"
Ministop -  Vũ Tông Phan,"8 Vũ Tông Phan, Phường An Phú, TP. Thủ Đức, TP. HCM",Số điện thoại: (028) 3620 5039,"Ministop -  Vũ Tông Phan 8 Vũ Tông Phan, Phường An Phú, TP. Thủ Đức, TP. HCM"
Ministop -  Bình Thới,"120 Bình Thới, Phường 14, Quận 11",Số điện thoại: (028) 3860 0907,"Ministop -  Bình Thới 120 Bình Thới, Phường 14, Quận 11"
Ministop -  Hoàng Hoa Thám 2,"18 Hoàng Hoa Thám, Phường 12, Quận Tân Bình",Số điện thoại: (028) 3811 2879,"Ministop -  Hoàng Hoa Thám 2 18 Hoàng Hoa Thám, Phường 12, Quận Tân Bình"
Ministop -  Trần Quý Cáp,"43 Trần Quý Cáp, Phường 12, Quận Bình Thạnh",Số điện thoại: (028) 3516 3889,"Ministop -  Trần Quý Cáp 43 Trần Quý Cáp, Phường 12, Quận Bình Thạnh"
Ministop -  Sư Vạn Hạnh,"435 Sư Vạn Hạnh, Phường 12, Quận 10",Số điện thoại: (028) 3862 1136,"Ministop -  Sư Vạn Hạnh 435 Sư Vạn Hạnh, Phường 12, Quận 10"
Ministop -  Trần Quốc Toản,"47 Trần Quốc Toản, Phường Võ Thị Sáu, Quận 3",Số điện thoại: (028) 3820 6188,"Ministop -  Trần Quốc Toản 47 Trần Quốc Toản, Phường Võ Thị Sáu, Quận 3"
Ministop -  Khu cư xá Bình Thới,"60 Đường số 5, Khu cư xá Bình Thới, Phường 8, Quận 11",Số điện thoại: (028) 3962 0886,"Ministop -  Khu cư xá Bình Thới 60 Đường số 5, Khu cư xá Bình Thới, Phường 8, Quận 11"
Ministop -  Nguyễn Du,"15 Nguyễn Du, Phường 1, Quận Gò Vấp, Thành phố Hồ Chí Minh.",Số điện thoại: (028) 3894 1268,"Ministop -  Nguyễn Du 15 Nguyễn Du, Phường 1, Quận Gò Vấp, Thành phố Hồ Chí Minh."
Ministop -  Xóm Chiếu,"181/13 Xóm Chiếu, Phường 16, Quận 4",Số điện thoại: (028) 3825 9396,"Ministop -  Xóm Chiếu 181/13 Xóm Chiếu, Phường 16, Quận 4"
Ministop -  Lê Quang Định,"484 Lê Quang Định, Phường 11, Quận Bình Thạnh",Số điện thoại: (028) 3515 5136,"Ministop -  Lê Quang Định 484 Lê Quang Định, Phường 11, Quận Bình Thạnh"
Ministop -  Trần Đình Xu,"114 Trần Đình Xu, Phường Nguyễn Cư Trinh, Quận 1",Số điện thoại: (028) 3836 4339,"Ministop -  Trần Đình Xu 114 Trần Đình Xu, Phường Nguyễn Cư Trinh, Quận 1"
Ministop -   KTX Đại Học Quốc Gia (Khu A),"Nhà A19 - Ký túc xá Khu A Đại học Quốc Gia, Khu phố Tân Lập, Phường Đông Hòa, Thành phố Dĩ An, Tỉnh Bình Dương",Số điện thoại: (028) 3620 1065,"Ministop -   KTX Đại Học Quốc Gia (Khu A) Nhà A19 - Ký túc xá Khu A Đại học Quốc Gia, Khu phố Tân Lập, Phường Đông Hòa, Thành phố Dĩ An, Tỉnh Bình Dương"
Ministop -  Hoa Sứ,"61 Hoa Sứ, Phường 7, Quận Phú Nhuận",Số điện thoại: (028) 3510 0286,"Ministop -  Hoa Sứ 61 Hoa Sứ, Phường 7, Quận Phú Nhuận"
Ministop -  Nam Kỳ Khởi Nghĩa,"75 (Tầng 1) Nam Kỳ Khởi Nghĩa, Phường Bến Thành, Quận 1",Số điện thoại: (028) 3823 3968,"Ministop -  Nam Kỳ Khởi Nghĩa 75 (Tầng 1) Nam Kỳ Khởi Nghĩa, Phường Bến Thành, Quận 1"
Ministop -  Vũ Huy Tấn,"15K Vũ Huy Tấn, Phường 1, Quận Bình Thạnh, Thành phố Hồ Chí Minh.",Số điện thoại: (028) 3510 0388,"Ministop -  Vũ Huy Tấn 15K Vũ Huy Tấn, Phường 1, Quận Bình Thạnh, Thành phố Hồ Chí Minh."
Ministop -  Đào Duy Từ,"17 Đào Duy Từ, Phường 8, Quận 10, Thành phố Hồ Chí Minh.",Số điện thoại: (028) 3857 9993,"Ministop -  Đào Duy Từ 17 Đào Duy Từ, Phường 8, Quận 10, Thành phố Hồ Chí Minh."
Ministop -  Nguyễn Trọng Tuyển,"351A Nguyễn Trọng Tuyển, Phường 1, Quận Tân Bình",Số điện thoại: (028) 3842 0122,"Ministop -  Nguyễn Trọng Tuyển 351A Nguyễn Trọng Tuyển, Phường 1, Quận Tân Bình"
Ministop -  Vườn Lài,"56 Vườn Lài, Phường Tân Thành, Quận Tân Phú",Số điện thoại: (028) 3810 2988,"Ministop -  Vườn Lài 56 Vườn Lài, Phường Tân Thành, Quận Tân Phú"
Ministop -  Thăng Long,"33 Thăng Long, Phường 4, Quận Tân Bình",Số điện thoại: (028) 3948 4878,"Ministop -  Thăng Long 33 Thăng Long, Phường 4, Quận Tân Bình"
Ministop -  Nguyễn Gia Trí,"106 Nguyễn Gia Trí, Phường 25, Quận Bình Thạnh",Số điện thoại: (028) 3512 2039,"Ministop -  Nguyễn Gia Trí 106 Nguyễn Gia Trí, Phường 25, Quận Bình Thạnh"
Ministop -  Trần Khắc Chân,"79 Trần Khắc Chân, Phường Tân Định, Quận 1",Số điện thoại: (028) 3526 8939,"Ministop -  Trần Khắc Chân 79 Trần Khắc Chân, Phường Tân Định, Quận 1"
Ministop -  Phạm Văn Hai,"204 Phạm Văn Hai, Phường 5, Quận Tân Bình",Số điện thoại: (028) 3846 0899,"Ministop -  Phạm Văn Hai 204 Phạm Văn Hai, Phường 5, Quận Tân Bình"
Ministop -  Nguyễn Biểu,"207 Nguyễn Biểu, Phường 2, Quận 5",Số điện thoại: (028) 3838 3663,"Ministop -  Nguyễn Biểu 207 Nguyễn Biểu, Phường 2, Quận 5"
Ministop -  Trương Công Định,"88-88A-90-92 Trương Công Định, Phường 14, Quận Tân Bình Số điện thoại:",Số điện thoại: (028) 3849 0929,"Ministop -  Trương Công Định 88-88A-90-92 Trương Công Định, Phường 14, Quận Tân Bình Số điện thoại:"
Ministop -  Bạch Đằng 2,"B22 Bạch Đằng, Phường 2, Quận Tân Bình Số điện thoại:",Số điện thoại: (028) 3848 6579,"Ministop -  Bạch Đằng 2 B22 Bạch Đằng, Phường 2, Quận Tân Bình Số điện thoại:"
Ministop -  Ngô Tất Tố,"69 Ngô Tất Tố, Phường 19, Quận Bình Thạnh, Thành phố Hồ Chí Minh. Số điện thoại:",Số điện thoại: (028) 3514 0979,"Ministop -  Ngô Tất Tố 69 Ngô Tất Tố, Phường 19, Quận Bình Thạnh, Thành phố Hồ Chí Minh. Số điện thoại:"
Ministop -  Hậu Giang,"45 Hậu Giang, Phường 4, Quận Tân Bình Số điện thoại:",Số điện thoại: (028) 3811 1006,"Ministop -  Hậu Giang 45 Hậu Giang, Phường 4, Quận Tân Bình Số điện thoại:"
Ministop -  Phạm Viết Chánh 2,"37-39 Phạm Viết Chánh, Phường 19, Quận Bình Thạnh Số điện thoại:",Số điện thoại: (028) 3840 8008,"Ministop -  Phạm Viết Chánh 2 37-39 Phạm Viết Chánh, Phường 19, Quận Bình Thạnh Số điện thoại:"
Ministop -  Hutech (Điện Biên Phủ),"475A Điện Biên Phủ, Phường 25, Quận Bình Thạnh Số điện thoại:",Số điện thoại: (028) 3510 6067,"Ministop -  Hutech (Điện Biên Phủ) 475A Điện Biên Phủ, Phường 25, Quận Bình Thạnh Số điện thoại:"
Ministop -  Hoàng Hoa Thám,"10A Hoàng Hoa Thám, Phường 7, Quận Bình Thạnh Số điện thoại:",Số điện thoại: (028) 3510 1677,"Ministop -  Hoàng Hoa Thám 10A Hoàng Hoa Thám, Phường 7, Quận Bình Thạnh Số điện thoại:"
Ministop -  Hòa Hưng,"101 Hòa Hưng, Phường 12, Quận 10 Số điện thoại:",Số điện thoại: (028) 3979 8978,"Ministop -  Hòa Hưng 101 Hòa Hưng, Phường 12, Quận 10 Số điện thoại:"
Ministop -  Cư Xá Đô Thành,"129 - 131 Đường số 3, Cư Xá Đô Thành, Phường 4, Quận 3 Số điện thoại:",Số điện thoại: (028) 3834 1749,"Ministop -  Cư Xá Đô Thành 129 - 131 Đường số 3, Cư Xá Đô Thành, Phường 4, Quận 3 Số điện thoại:"
Ministop -  Nguyễn Thượng Hiền,"245 Nguyễn Thượng Hiền, Phường 5, Quận Bình Thạnh, Thành phố Hồ Chí Minh. Số điện thoại:",Số điện thoại: (028) 3515 0783,"Ministop -  Nguyễn Thượng Hiền 245 Nguyễn Thượng Hiền, Phường 5, Quận Bình Thạnh, Thành phố Hồ Chí Minh. Số điện thoại:"
Ministop -  Trần Doãn Khanh,"02 Trần Doãn Khanh, Phường Đa Kao, Quận 1 Số điện thoại:",Số điện thoại: (028) 3910 1233,"Ministop -  Trần Doãn Khanh 02 Trần Doãn Khanh, Phường Đa Kao, Quận 1 Số điện thoại:"
MINISTOP -  Bạch Đằng,"165 Bạch Đằng, Phường 2, Quận Tân Bình",Số điện thoại: (028) 3547 1213,"MINISTOP -  Bạch Đằng 165 Bạch Đằng, Phường 2, Quận Tân Bình"
MINISTOP -  Nguyễn Hồng Đào,"191 - 193 Nguyễn Hồng Đào, Phường 14, Quận Tân Bình",Số điện thoại: (028) 3849 4782,"MINISTOP -  Nguyễn Hồng Đào 191 - 193 Nguyễn Hồng Đào, Phường 14, Quận Tân Bình"
MINISTOP -  Trần Thiện Chánh,"77 Trần Thiện Chánh, Phường 12, Quận 10",Số điện thoại: (028) 3868 4543,"MINISTOP -  Trần Thiện Chánh 77 Trần Thiện Chánh, Phường 12, Quận 10"
MINISTOP -  Lam Sơn,"25A Lam Sơn, Phường 2, Quận Tân Bình",Số điện thoại: (028) 3547 0449,"MINISTOP -  Lam Sơn 25A Lam Sơn, Phường 2, Quận Tân Bình"
