address,latitude,longitude
"273 Lê Hồng Phong, Phường Vũng Tàu, TP.HCM",10.3586917,107.0797172
"188D Phan Văn Trị, Phường Bình Thạnh, TP.HCM",10.8138586,106.6953706
"96B/3 Trần Phú, Phường Nha Trang, Tỉnh Khánh Hòa",12.2277169,109.1990397
"Gian hàng thương mại dịch vụ 1S08, Ô đất B2-CT01, Tòa L26 (S2.05) Dự án Khu đô thị Gia Lâm - Vinhomes Ocean Park",20.9948063,105.9464883
"Diện tích thương mại số 1S02, tầng 1, Tòa nhà số P2 (T30M-1) tại lô đất B5-CT04 thuộc Dự án Khu đô thị Gia Lâm (Vinhomes Ocean Park)",20.9896844,105.93883
"33 Trần Kim Xuyến, Yên Hòa, Cầu Giấy",21.018675,105.7943916
"S1.11, BS10, Vinhome Grand Park, Thủ Đức, TP. HCM",10.8377211,106.8301145
"S02.BS07, Vinhome Grand Park, Thủ Đức, TP. HCM",10.8377211,106.8301145
"106 Hoàng Diệu, Phường 13, Quận 4, TP. HCM",10.76409,106.7042646
"116 Phổ Quang, P.9, Q. Phú Nhuận, TP. HCM",10.8084525,106.6714245
"Cửa hàng số 01SH08A, Tòa S2.03 - Z34.1 (F1-CH03-1) Dự án khu đô thị mới, Đại Mỗ - Vinhomes Park - Vinhomes Smart City, Nam Từ Liêm, Hà Nội",21.0044599,105.7403962
"Số 1, ngõ 41, phố Nguyễn Chí Thanh, phường Ngọc Khánh, quận Ba Đình",21.0271328,105.8132745
"18 Lê Lai, Phường Bến Thành, Quận 1, TP. HCM",10.7715585,106.6973533
"55 Thảo Điền, Khu phố 2, Phường Thảo Điền, Thủ Đức, TP. HCM",10.8062391,106.7351056
"Tòa nhà PetroVietnam Tower số 1 - 5 Lê Duẩn, Phường Bến Nghé, Quận 1, TP. HCM",10.7863858,106.7050126
"944 Lê Văn Lương, Ấp 3, Xã Phước Kiển, Huyện Nhà Bè, TP. HCM",10.709178,106.7024066
"139 Hai Bà Trưng, Phường Võ Thị Sáu, Quận 3, TP. HCM",10.7447117,106.6892181
"295 Dương Bá Trạc, Phường Rạch Ông, Quận 8, TP. HCM",10.7447117,106.6892181
"F-Akari Hoàng Nam 73/5 Võ Văn Kiệt, Phường An Lạc, Quận Bình Tân, TP. HCM",10.7177051,106.6068546
"Khu Vực C2 Tầng Trệt - Khu Vực Thương Mại Nhà Để Xe Ga Quốc Nội - Cảng Hàng Không Quốc Tế Tân Sơn Nhất Số 45 Trường Sơn, Quận Tân Bình, TP.HCM",10.8169828,106.6565808
"157 đường Bắc Sơn, P. Hoàng Văn Thụ, Thái Nguyên",21.5948431,105.8280554
"104 đường Z115, Tổ 2, P. Tân Thịnh, Thái Nguyên",21.5831236,105.8109245
"28 đường Lương Ngọc Quyến, P. Quang Trung, Thái Nguyên",21.5999209,105.8240243
"CH17, tầng 1 và tầng 2, C-36 tầng, ô đất CT2, KĐT mới Kim Văn - Kim Lũ, phường Đại Kim, quận Hoàng Mai",20.9729213,105.8205122
"51-LK6A-C17 Đô thị Mỗ Lao, phường Mỗ Lao, quận Hà Đông",20.9863528,105.7831343
"CT3-CT4, The Pride, khu đô thị mới An Hưng, phường La Khê, quận Hà Đông",20.9744204,105.7779424
"Số 7 ngõ 34 phố Mai Anh Tuấn, phường Ô Chợ Dừa, quận Đống Đa",21.0189043,105.8222329
"N03-T2 khu đoàn Ngoại Giao, phường Xuân Tảo, quận Bắc Từ Liêm",21.0649246,105.7988184
"28 Nguyễn Phong Sắc, tổ 9, phường Dịch Vong, quận Cầu Giấy",21.0387932,105.7907225
"Căn hộ C1-A khu nhà ở Số 6 Đội Nhân, phường Vĩnh Phúc, quận Ba Đình",21.0414322,105.8112115
"197+198 tổ 6 Vũ Trọng Phụng, phường Thanh Xuân Trung, quận Thanh Xuân",21.0004713,105.8074049
"36 phố Tràng Tiền, phường Tràng Tiền, quận Hoàn Kiếm",21.025064,105.8549676
"N1H1, số 1 đường Nguyễn Hoàng, phường Mỹ Đình 2, quận Nam Từ Liêm",21.0290557,105.7760852
"Số 4 dãy L - TT Văn Hóa Nghệ thuật, tổ 25, phường Mai Dịch, quận Cầu Giấy",21.0395659,105.7740712
"Số 01, nhà C2, khu tập thể quân đội Nam Đồng, P. Nam Đồng, Q. Đống Đa",21.0127521,105.8129142
"CH01-09, số 17 đường Gamuda Gardens 2-2, khu đô thị C2 - Gamuda Gardens, P. Trần Phú, Q. Hoàng Mai",20.9678779,105.8726108
"86 Ngô Xuân Quảng, P. Trâu Quỳ, Q. Gia Lâm",21.0168831,105.9364479
"2 ngõ 612 Lạc Long Quân, P. Nhật Tân, Q. Tây Hồ",21.0763538,105.815157
"19 Lê Thánh Tôn, P. Lộc Thọ, Nha Trang",12.2438262,109.1931779
"L-01 Vinpearl Harbour, Nha Trang",12.2173132,109.2405233
"6 Tháp Bà, Phường Vĩnh Thọ, Nha Trang",12.2654992,109.1977373
"90 Hồng Bàng, Phường Tân Lập, Nha Trang",12.2401086,109.1900178
"C-02 Vinpearl Harbour, Nha Trang",12.2173132,109.2405233
"18 Trần Phú, P. Lộc Thọ, Nha Trang",12.2491123,109.1960881
"4C Biệt Thự, P. Lộc Thọ, Nha Trang",12.2358418,109.1959279
"42 Lê Lợi, P. Bến Nghế, Quận 1, TP. HCM",10.774169,106.700414
"Số 119 đường Trần Não, Khu phố 10, P. An Khánh, Thủ Đức, TP. HCM",10.7928064,106.7308009
"235 Nguyễn Gia Thiều, P. Suối Hoa, TP. Bắc Ninh, Bắc Ninh",21.183228,106.0692025
"Toà nhà AnLand Premium, Khu đô thị Dương Nội, Đường Tố Hữu, La Khê, Hà Đông, Hà Nội",20.9760896,105.7610096
"177 Vĩnh Hưng, P. Vĩnh Hưng, Q. Hoàng Mai",20.9889555,105.8778113
"181 Nguyễn Ngọc Vũ, P. Trung Hòa, Q. Cầu Giấy",21.0126287,105.807072
"Lô 16-D khu nhà ở thấp tầng A10, khu đô thị Nam Trung Yên, P. Yên Hòa, Q. Cầu Giấy",21.0188597,105.7870928
"568 Trương Định, P. Tân Mai, Q. Hoàng Mai",20.9828837,105.8457554
"6A Nguyễn Chánh, Lộc Thọ, Nha Trang",12.2462047,109.1958006
"15 Đường Trần Hữu Duyệt, Khu Đô Thị Vĩnh Điềm Trung, Vĩnh Hiệp, Nha Trang",12.2558801,109.1676723
"78 Nguyễn Đình Chiểu, Vĩnh Phước, Nha Trang",12.2689512,109.2005824
"37 Đường Số 9A, Khu Dân Cư Trung Sơn, X. Bình Hưng, H. Bình Chánh, TP. HCM",10.7383531,106.6898219
"SH01-S7.01 Vinhomes Grand Park, P. Long Bình, TP. Thủ Đức, TP. HCM",10.8428625,106.8372031
"44 Nguyễn Huệ, Phường Bến Nghé, Quận 1, TP. HCM",10.7741061,106.7040918
"226 Lý Tự Trọng, Phường Bến Thành, Quận 1, TP. HCM",10.7726133,106.6947397
"Ô 8, DC35, Khu Dân Cư Việt - Sing, An Phú, Thuận An, Bình Dương",10.9418326,106.7348379
"78 Võ Thị Sáu, Phường Quyết Thắng, TP. Biên Hòa, Đồng Nai",10.9462158,106.824786
"22 Cách Mạng Tháng 8, P. Xuân Hòa, TP. Long Khánh, Đồng Nai",10.9278955,107.2440814
"Lumiere Riverside, 275 Võ Nguyên Giáp, Thủ Đức, TP. HCM",10.8036411,106.7486049
"S05-BS11 Oasis Vinhomes Grand Park Building, Nguyễn Xiển, Thủ Đức, TP. HCM",10.8395316,106.8343647
"586-588 Quang Trung, Phường 11, Quận Gò Vấp, TP. HCM",10.8392826,106.6472744
"165-167-169-171 Hoàng Diệu, Phường 9, Quận 4, TP. HCM",10.762253,106.7023332
"E9-3 và E9-4 đường 3 tháng 2, P. Vĩnh Lạc,  TP. Rạch Giá, Kiên Giang",9.9906413,105.0878804
"130-132 đường Nguyễn Trung Trực, P. Vĩnh Bảo, TP. Rạch Giá, Kiên Giang",10.0015871,105.0890952
"Số 99 Đường 3 Tháng 2, P. Vĩnh Bảo, TP. Rạch Giá, Kiên Giang",10.0020261,105.082695
"Vinhomes Westpoint W1, phố Đỗ Đức Dục, P. Mễ Trì, Q. Nam Từ Liêm",21.0116675,105.7858981
"92 đường Trâu Quỳ, P. Trâu Quỳ, Q. Gia Lâm",21.0011035,105.9395554
"37A đường Sài Đồng, tổ 14, P. Sài Đồng, Q. Long Biên",21.0341599,105.9098917
"Số 03 - M1 Masteri Vinhomes Ocean Park, Huyện Gia Lâm, Hà Nội",20.9945966,105.9449031
"Số 02 đường Hồ Ngọc Lân, TP. Bắc Ninh, Bắc Ninh",21.1877079,106.0674971
"Tòa 18T1 khu đô thị Trung Hòa, P. Nhân Chính, Q. Thanh Xuân, Hà Nội",21.0059467,105.8051923
"Căn 01S5A Tòa S1.09, Vinhomes Ocean Park, Q. Gia Lâm, Hà Nội",20.9951124,105.9438655
"49 Phan Chu Trinh, P. Phan Chu Trinh, Q. Hoàn Kiếm, Hà Nội",21.0195712,105.8556027
"5 Lý Thường Kiệt, Phường 4, Thành Phố Mỹ Tho, Tiền Giang",10.3552354,106.3594652
"Số 30/2 Ấp Bắc, Phường 5, Thành Phố Mỹ Tho, Tiền Giang",10.3646296,106.3576324
"Số 269B Lê Văn Phẩm, Phường 6, Thành Phố Mỹ Tho, Tiền Giang",10.3583814,106.3419033
"25 Thái Phiên, Lê Đại Hành, Hai Bà Trưng, Hà Nội",21.0104454,105.8501186
"TMDV 11, Tòa N04, Chung cư Ecohome 3, Bắc Từ Liêm, Hà Nội",21.0849083,105.7848758
"125 Trần Hưng Đạo, Tiền An, TP. Bắc Ninh",21.1803249,106.0659123
"03 - M1 Masteri Vinhomes Ocean Park, Gia Lâm, Hà Nội",20.9929834,105.943355
"A9 Phố Trúc, Ecopark, Văn Giang, Hưng Yên",20.9731662,105.9235454
"95A Marina, Ecopark, Văn Giang, Hưng Yên",20.949863914694,105.93455984848
"23 Sky Oasis, Ecopark, Văn Giang, Hưng Yên",20.9643269,105.9230907
"93 Hoàng Văn Thái, Khương Trung, Thanh Xuân, Hà Nội",20.9962339,105.826702
"Ô L7, Thôn Yên Xá, Thanh Trì, Hà Nội",20.9649127,105.7936495
"S103 Toà G3, Vinhomes Greenbay, Nam Từ Liêm, Hà Nội",21.0005548,105.7840263
"25 Nhà Thờ, Hoàn Kiếm, Hà Nội",21.0287973,105.8497057
"6 Vũ Trọng Khánh, Hà Đông, Hà Nội",20.9804049,105.7848954
"Tòa SH03, Park 3, Time City, Q. Hoàng Mai, Hà Nội",20.9924594,105.8698125
"386-388 Dương Quảng Hàm, Phường 5, Quận Gò Vấp, TP. HCM",10.8329243,106.685653
"92B Hòa Bình, Phường 5, Quận 11, TP. HCM",10.768874,106.6379259
"364 Võ Văn Ngân, Thủ Đức, Hồ Chí Minh",10.849472,106.771663
"1.03 Tại Tầng 1, Tòa Nhà Chung Cư S10.02, chung cư Vinhome Grand Park, Thủ Đức, Hồ Chí Minh",10.8370098,106.8389884
"15 Nguyễn Ảnh Thủ, Quận 12, Hồ Chí Minh",10.8818415,106.6281748
"128 Lê Đức Thọ, Phường 6, Q. Gò Vấp, Hồ Chí Minh",10.8396465,106.679314
"1.01 Tại Tầng 1, Tòa Nhà Chung Cư S9.01 chung cư Vinhome Grand Park, Thủ Đức, Hồ Chí Minh",10.8370098,106.8389884
"373 Hồ Thị Hương, TP. Long Khánh, Đồng Nai",10.8462177,106.7785435
"14 Thái Hà, Phường Trung Liệt, Quận Đống Đa, Hà Nội",21.010223,105.822991
"534 Nguyễn Văn Cừ, Phường Hồng Hải, Hạ Long, Quảng Ninh",10.9647984,106.6683812
"TT01A-11 Hoàng Thành Villa, P. Mỗ Lao, Q. Hà Đông, Hà Nội",20.987712,105.7848607
"153 Trần Hưng Đạo, Phường An Phú, Quận Ninh Kiều, TP. Cần Thơ",10.035029,105.775613
"108A-108B Đường Mậu Thân, Phường An Phú, Quận Ninh Kiều, TP. Cần Thơ",10.0301277,105.7759564
"B6-53 phố Triều Khúc, P. Thanh Xuân Nam, Q. Thanh Xuân, Hà Nội",20.9861489,105.7999292
"Tầng 1, thuộc Trung tâm Thương mại, Căn hộ và Văn phòng, khu HH2, số 114 Mai Hắc Đế, Phường Lê Đại Hành, Quận Hai Bà Trưng, Hà Nội",21.011381,105.8506346
"47 Nguyễn Huệ, Phường Bến Nghé, Quận 1, TP. HCM",10.772836,106.704515
"134A Đường 3/2, Phường Hưng Lợi, Quận Ninh Kiều, TP. Cần Thơ",10.019662,105.7576264
"166 Đường 3/2, Phường Hưng Lợi, Ninh Kiều, Cần Thơ",10.0195921,105.7576069
"Bệnh viện Hoàn Mỹ, Lô 20, Võ Nguyên Giáp, P. Phú Thứ, Cái Răng, Cần Thơ",10.0026506,105.8018438
"67 Cửa Nam, Hoàn Kiếm, Hà Nội",21.0276989,105.8422102
"75 Hàng Bông, Hoàn Kiếm, Hà Nội",21.030353,105.847294
"27 Lê Lợi, Ngô Quyền, Hải Phòng",20.8595427,106.6938917
"190 Lê Văn Thọ, Phường 11, Quận Gò Vấp, TP. HCM",10.8423093,106.6572363
"14 Ung Văn Khiêm, Phường 25, Quận Bình Thạnh, TP. HCM",10.8043805,106.720433
"N03-T6 Ngoại Giao Đoàn, Quận Bắc Từ Liêm, Hà Nội",21.0642034,105.8001734
"210 - 212 Cao Lỗ, Phường 4, Quận 8, TP. HCM",10.7377354,106.6789587
"18 Hàng Gai, Quận Hoàn Kiếm, Hà Nội",21.0324868,105.8508984
"123-125 Tôn Đức Thắng, Quận Đống Đa, Hà Nội",21.0230535,105.8319777
"134 Vũ Hồng Phô, Phường Bình Đa, TP. Biên Hòa, Đồng Nai",10.9339031,106.8631724
"167 Phạm Hữu Lầu, Phường Mỹ Phước, Quận 7, TP. HCM",10.7045897,106.7317355
"29 Hàng Phèn, Quận Hoàn Kiếm, Hà Nội",21.0343438,105.8473508
"V11A101 The Terra An Hưng, Hà Đông, Hà Nội",20.9734654,105.756543
"173 Tam Trinh, Quận Hoàng Mai, Hà Nội",20.9925703,105.8631469
"42 + 42A Lạc Trung, Quận Hai Bà Trưng, Hà Nội",21.0031361,105.8629875
"S6.03.02 Vinhome Grand Park Building, Đường Nguyễn Xiển, TP. Thủ Đức",10.838645,106.8349516
"412 Trần Thành Ngọ, Quận Kiến An, Hải Phòng",20.8147549,106.6258953
"S6A Vinhomes Symphony, Long Biên, Hà Nội",21.0482321,105.9172358
"01S15A - S2.03 Vinhomes Ocean Park, Quận Gia Lâm, Hà Nội",20.9939937,105.9502063
"264 – 266 Âu Dương Lân, Phường 3, Quận 8, TP. HCM",10.743807,106.684
"SH09 - S1.05 Vinhome Smart City, Nam Từ Liêm, Hà Nội",21.0076779,105.7379809
"01,02 SH06 - S2.11 Vinhome Ocean Park, Gia Lâm, Hà Nội",20.9922108,105.9437406
"144 Phan Trung, Khu Phố 7, Phường Tân Tiến, Biên Hòa, Đồng Nai",10.9609331,106.8500689
"Số 80C Trần Chiên, Khu Vực Thạnh Mỹ, Phường Lê Bình, Cái Răng, Cần Thơ",9.9982606,105.7598773
"49+51 Trần Quang Diệu, Quận Đống Đa, Hà Nội",21.0138005,105.8230425
"01SH05 – R1.03 The Zen Park, Vinhome Ocean Park, Gia Lâm, Hà Nội",20.9939937,105.9502063
"01,02SH22 – S208 Vinhome Ocean Park, Gia Lâm, Hà Nội",20.9934582,105.9417649
"B3-06 Vinhome Gardenia, Phường Cầu Diễn, Quận Nam Từ Liêm, Hà Nội",21.0367092,105.7623993
"264 Phố Bạch Mai, Quận Hai Bà Trưng, Hà Nội",21.0026629,105.8507951
"141 Đinh Tiên Hoàng - 27 Trần Hưng Đạo, Phường Hoàng Văn Thụ, Quận Hồng Bàng, Hải Phòng",20.8571038,106.6823897
"388 + 388A Tô Hiệu, Phường Hồ Nam, Quận Lê Chân, Hải Phòng",20.8505403,106.675866
"105 Lê Trọng Tấn, Phường An Bình, Thành phố Dĩ An, Bình Dương",10.8718852,106.7575246
"1347 Nguyễn Ái Quốc, Phường Tân Tiến, TP. Biên Hòa, Tỉnh Đồng Nai",10.9651389,106.847143
"118 Định Công, Quận Thanh Xuân, Hà Nội",20.9842924,105.8384921
"Số 176D + 176E Trương Định, Quận Hai Bà Trưng, Hà Nội",20.9912098,105.8483983
"12 Tam Trinh, Phường Minh Khai, Quận Hai Bà Trưng, Hà Nội",20.9953162,105.862014
"01SH20 Block S2.15 Ocean Park, Phường Đa Tốn, Quận Gia Lâm, Hà Nội",20.9914905,105.9439905
"32 Nguyễn Đức Cảnh, Quận Lê Chân, Thành phố Hải Phòng",20.8554048,106.6794263
"01 Phạm Minh Đức, Quận Ngô Quyền, Thành phố Hải Phòng",20.8611252,106.6923932
"328/2A Hùng Vương, Phường Mỹ Long, TP. Long Xuyên, An Giang",10.379268,105.4418072
"309 Nguyễn Văn Khối, Phường 8, Gò Vấp, TP. HCM",10.8434886,106.6504766
"271 Lê Văn Thọ, Phường 9, Gò Vấp, TP. HCM",10.8444987,106.6568665
"264 Độc Lập, P. Tân Thành, Tân Phú, TP. HCM",10.7929889,106.6290351
"42 Lê Trung Nghĩa, Phường 12, Tân Bình, TP. HCM",10.8007638,106.651167
"619 Lê Đức Thọ, P. 16, Gò Vấp, TP. HCM",10.8474913,106.6686731
"319 Lý Thường Kiệt, Phường 15, Quận 11, TP. HCM",10.772712,106.657029
"44 Huỳnh Văn Bánh, Phường 15, Quận Phú Nhuận, TP. HCM",10.7951377,106.6812552
"416 Phan Huy Ích, Phường 12, Quận Gò Vấp, TP. HCM",10.8423521,106.6389878
"22 Phan Xích Long, Phường 3, Quận Phú Nhuận, TP. HCM",10.7990212,106.6868499
"150 Nguyễn Thị Nhỏ, Phường 15, Quận 11, TP. HCM",10.7738738,106.6531477
"126 Đường Số 15, Phường Tân Kiểng, Quận 7, TP. HCM",10.7455301,106.7058545
"41 TT4 KĐT Mỹ Đình 1, P. Mỹ Đình 1, Quận, Nam Từ Liêm, Hà Nội",21.029133,105.761301
"142-144 Hồng Mai, P. Bạch Mai, Quận Hai Bà Trưng, Hà Nội",20.9999129,105.8525728
"78 - 80 Đồng Đen, Phường 14, Quận Tân Bình, TP. HCM",10.7936924,106.6446485
"560A Nguyễn Văn Cừ, P. Gia Thụy, Quận Long Biên, Hà Nội",21.047485,105.8845815
"293 Thụy Khuê, P. Thụy Khuê, Quận Tây Hồ, Hà Nội",21.0446329,105.8143184
"SH205, Park 8 Times City, P. Mai Động, Q. Hoàng Mai, Hà Nội",20.992286,105.8687174
"15 Dương Khuê, P. Mai Dịch, Quận Cầu Giấy, Hà Nội",21.0371026,105.7737096
"24-LK3 Hà Trì, Phường Hà Cầu, Quận Hà Đông, Hà Nội",20.965193,105.7842685
"135-137 Lê Văn Sỹ, Phường 13, Quận Phú Nhuận, TP. HCM",10.791658,106.6716019
"341 Lô 22C Lê Hồng Phong, P. Đông Khê, Q. Ngô Quyền, Hải Phòng",20.848297,106.7053144
"33 Dương Văn Bé,  Phường Vĩnh Tuy, Quận Hai Bà Trưng, Hà Nội",21.0002169,105.8722994
"111 Nguyễn Sơn, P. Gia Thuỵ, Quận Long Biên, Hà Nội",21.0462924,105.879642
"315 Ngọc Lâm, P. Ngọc Lâm, Quận Long Biên, Hà Nội",21.0473531,105.8725154
"1-3 Hai Bà Trưng, P. An Biên, Quận Lê Chân, Hải Phòng",20.854594,106.681413
"252 Ngọc Thụy, P. Ngọc Thụy, Quận Long Biên, Hà Nội",21.055333836994,105.86566145085
"469 Thống Nhất, Phường 16, Quận Gò Vấp, TP. HCM",10.8455598,106.6646273
"174 Trần Văn Ơn, P. Phú Hòa, TP. Thủ Dầu Một, Bình Dương",10.9806074,106.6754681
"359 Block 36 TT5 Văn Phú, P. Phú La, Quận Hà Đông, Hà Nội",20.9619569,105.7685912
"117 Bạch Đằng, P. Thượng Lý, Quận Hồng Bàng, Hải Phòng",20.861592,106.670852
"55 Đường S11, P. Tây Thạnh, Q.Tân Phú, TP.HCM",10.8139291,106.6209438
"149C Lò Đúc, P. Đống Mác, Quận Hai Bà Trưng, Hà Nội.",21.010862,105.859968
"311 Nguyễn Tri Phương, Quận 10, TP.HCM",10.7615942,106.6679158
"ST-04 Riverside Residence, Phường Tân Phú, Quận 7, TP HCM.",10.7181811,106.7261086
"27 Nguyễn Gia Trí, Phường 25, Quận Bình Thạnh, TPHCM",10.8023219,106.7153517
"Chung Cư Citizen, Khu Dân Cư Trung Sơn, Xã Bình Hưng, Huyện Bình Chánh, TPHCM",10.7305458,106.689259
"223 Đặng Văn Bi, Phường Trường Thọ, Thành Phố Thủ Đức, TPHCM",10.848016,106.7597412
"485 Huỳnh Tấn Phát, Phường Tân Thuận Đông, Quận 7, TPHCM",10.7453144,106.7293346
"633 Tỉnh Lộ 10, Phường Bình Trị Đông B, Quận Bình Tân, TPHCM",10.7578254,106.6139442
"59 Nguyễn Văn Cừ, Thành Phố Cần Thơ",10.0586871,105.7811371
"05-2A/6 Trần Khát Chân, Phường Thanh Lương, Quận Hai Bà Trưng, Hà Nội",21.0079387,105.8636286
"A4-A5 Tòa A Nhà B, Imperial Sky Garden, Phường Vĩnh Tuy, Quận Hai Bà Trưng, Hà Nội",20.9981103,105.8669457
"372-374 Lạch Tray, Phường Đằng Giang, Quận Ngô Quyền, Thành Phố Hải Phòng",20.8346164,106.6967057
"13 C12 Tập Thể Đại Học Ngoại Ngữ, Phường Dịch Vọng Hậu, Quận Cầu Giấy, Hà Nội",21.0392424,105.7818141
"126A1 Hoàng Hoa Thám, P2, Vũng Tàu",10.3386792,107.0849061
"Tầng Trệt Chung Cư Vũng Tàu Gold Sea - 172 Hoàng Hoa Thám, P2, Vũng Tàu",10.334158,107.0879955
"14 Khương Hạ, Quận Thanh Xuân, Hà Nội",20.9924553,105.8156943
"Căn Số A1-00.04 Tháp A1, Khu Chung Cư Phức Hợp Lô M1 74 Nguyễn Cơ Thạch, Phường An Lợi, Quận 2, TP.HCM",10.7709886,106.7242792
"508 CMT8, Phường Phú Cường, TP. Thủ Dầu Một, Bình Dương",10.9797262,106.6547315
"17H-17K Dương Đình Nghệ, Quận 11, TP.HCM",10.7607916,106.6499235
"62-64 Kênh Dương, Quận Lê Chân, Hải Phòng",20.8324943,106.682241
"26BT11 KĐT Xa La, Quận Hà Đông, Hà Nội",20.9617615,105.7958521
"164 Nguyễn Văn Cừ, Phường Bồ Đề, Quận Long Biên, Hà Nội",21.0430669,105.8715674
"04 Phổ Quang, Phường 2, Tân Bình, TP.HCM",10.8033308,106.6669533
"135 Nguyễn Cửu Đàm, P.Tân Sơn Nhì, Quận Tân Phú, TP.HCM",10.7999902,106.6282071
"59 Ngô Văn Sở, Ninh Kiều, Cần Thơ",10.0341049,105.7849717
"18 Nguyễn Trường Tộ, Phường 3, Vũng Tàu",10.3409542,107.0789947
"78 Trần Hưng Đạo, Phường 1, Vũng Tàu.",10.3486693,107.0755663
"07 Đền Lừ 2, Phường Hoàng Văn Thụ, Quận Hoàng Mai, Hà Nội.",20.9857634,105.8580616
"31 Hồ Sen, Phường Trại Cau, Quận Lê Chân, Hải Phòng.",20.8476011,106.6815067
"1 Lê Văn Thiêm, Phường Nhân Chính, Quận Thanh Xuân, Hà Nội",21.0031252,105.8019022
"16 Văn Cao, Phường Liễu Giai, Quận Ba Đình, Hà Nội",21.0416286,105.8161372
"474 Trần Thị Năm, P.Tân Chánh Hiệp, Quận 12, TP.HCM",10.8728096,106.6218313
"Thương Mại Dịch Vụ SH01, Cao Ốc Thoại Ngọc Hầu (Resgreen Tower) - 7A Thoại Ngọc Hầu, P. Hòa Thạnh, Quận Tân Phú, TPHCM",10.783931,106.6399239
"LK10-15 Văn Phú, P. Phú La, Quận Hà Đông, Hà Nội",20.9586775,105.7688614
"03 Quỳnh Mai, Phường Quỳnh Mai, Quận Hai Bà Trưng, Hà Nội",21.0009555,105.85903
"144/5 Nguyễn Ảnh Thủ, Xã Trung Chánh, Huyện Hóc Môn, TP. HCM",10.858907,106.609388
"155 Ung Văn Khiêm, TP. Long Xuyên",10.3734144,105.4330428
"297 Nguyễn Duy Dương, Phường 4, Quận 10, TP. HCM",10.764376,106.670077
"402 Nguyễn Thị Thập, Phường Tân Quy, Quận 7, TP HCM.",10.7392677,106.7098122
"81 Trần Phú, Quận Ngô Quyền, Hải Phòng.",20.8569752,106.6843258
"261A Trần Nguyên Hãn, Quận Lê Chân, Hải Phòng.",20.843202,106.669063
"BH 02 – 01 Vinhomes Imperia, Quận Hồng Bàng, Hải Phòng.",20.862134,106.6678557
"Số 17 & 17/19, đường 30/4 Quận Ninh Kiều, Tp Cần Thơ.",10.0112658,105.7603283
"118 đường 3 tháng 2, Phường Xuân Khánh, Quận Ninh Kiều, Tp Cần Thơ.",10.0209883,105.7622778
"25 Ngô Thì Nhậm, Quận Hà Đông, Hà Nội",20.968286,105.7694192
"2h Trần Nhân Tôn, phường 2, quận 10, Tphcm.",10.7616669,106.6751
"170 Nguyễn Đổng Chi, Quận Nam Từ Liêm, Hà Nội",21.0356498,105.7638865
"124 Phổ Quang, Phường 9, Quận Phú Nhuận, TP HCM",10.8084986,106.6717048
"376 Đường 30/4, P. Hưng Lợi, Q. Ninh Kiều, TP. Cần Thơ",10.0216193,105.7705457
"P101B+102B nhà A8 Khương Thượng, Phường Trung Tự, Quận Đống Đa, Hà Nội",21.004374,105.831027
"20 Nguyên Hồng, Phường Láng Hạ, Quận Đống Đa, Hà Nội",21.0176593,105.8114125
"139 Nguyễn Đức Cảnh, Khu Phố Mỹ Phát - H29-2, Phường Tân Phong, Quận 7, Tp.HCM",10.7235688,106.7090321
"38 Xuân La, Phường Xuân La, Quận Tây Hồ, Hà Nội",21.067057504680335,105.80413116074791
"273 Trần Bình Trọng, Phường 4, Quận 5, Tp.HCM",10.7610868,106.6794866
"184A Nguyễn Xí, Phường 22, Quận Bình Thạnh, Tp.HCM",10.815274274724638,106.70778206440069
"Kiot Khu Vực Mặt Tiền Kinh Dương Vương - 395 Kinh Dương Vương, Phường An Lạc, Quận Bình Tân, Tp.HCM",10.74082001656306,106.61829069437333
"40 Trung Hòa, Phường Trung Hòa, Quận Cầu Giấy, Hà Nội",21.0146675,105.8016853
"160 Bùi Thị Xuân, Phường Phạm Ngũ Lão, Quận 1, Tp.HCM",10.768564376909305,106.68688128587911
"A10/7 Ấp 2, Phường Bình Hưng, Huyện Bình Chánh, Tp.HCM",10.72391,106.6559388
"380 Khâm Thiên, Phường Thổ Quan, Quận Đống Đa, Hà Nội",21.019303,105.831203
"152 Hoàng Hoa Thám, Phường 2, Thành phố Vũng Tàu",10.3355334,107.0866531
"144 - 146 Lâm Văn Bền, Phường Tân Quy, Quận 7, Tp.HCM",10.7392872,106.7159105
"01 Tô Vĩnh Diện, Phường Khương Trung, Quận Thanh Xuân, Hà Nội",21.0005972,105.8221164
"60 Lâm Văn Bền, Phường Tân Kiểng, Quận 7, Tp.HCM",10.749098369068603,106.71644119276391
"14 Nguyễn Văn Bảo, Phường 4, Quận Gò Vấp, Tp.HCM",10.823193,106.686001
"285/94 Cách Mạng Tháng 8, Phường 12, Quận 10, Tp.HCM",10.7785791,106.6805023
"Tầng 1 Khu Trung Tâm Thương Mại Tài Chính Dầu Khí Phú Mỹ Hưng, Lô C6A-01 Khu A, Khu Đô Thị Mới Nam TP. HCM, P. Tân Phú, Quận 7, TP. HCM",10.72934482895,106.72341227531
"103 Trần Huy Liệu, Phường 12, Quận Phú Nhuận, Tp.HCM",10.793276,106.677797
"68 Tôn Thất Tùng, Phường Khương Thượng, Quận Đống Đa, Hà Nội",21.001708,105.829441
"48-116 Nhân Hòa, Phường Nhân Chính, Quận Thanh Xuân, Hà Nội",21.0033149,105.8070215
"12 Trần Phú, Phường Văn Quán, Quận Hà Đông, Hà Nội",20.982833,105.79086749999999
"L1-02 Tầng 1 Cao ốc Chung Cư SaiGon Mia, Đường số 9A Chung Cư Cụm 3,4 - Khu Dân Cư Trung Sơn, Xã Bình Hưng, Huyện Bình Chánh, Tp. HCM",10.7326733,106.6889334
"83 Đường Số 3, Khu Phố 4, Phường Bình An, Quận 2, Tp.HCM",10.7954492,106.7368595
"N8 – A10 Nguyễn Thị Thập, Phường Nhân Chính, Quận Thanh Xuân, Hà Nội",21.0062336,105.80184839999993
"Số 103 Thuỳ Vân, Phường 2, Tp Vũng Tàu",10.333776,107.08970010000007
"Số 108, đường 19-05, Phường Văn Quán, Quận Hà Đông, Hà Nội",20.9748435,105.787569
"92 Đào Tấn, Phường Cống Vị, Quận Ba Đình, Hà Nội",21.0335677,105.80658619999997
"1A Đầm Trấu, Phường Bạch Đằng, Quận Hai Bà Trưng, Hà Nội",21.0118555,105.86514090000003
"129 Trần Văn Khéo, Phường Cái Khế, Quận Ninh Kiều, Cần Thơ",10.0460446,105.78638449999994
"37-TT1 The Manor, Khu Đô Thị Mỹ Đình Mễ Trì, Phường Mỹ Đình, Quận Nam Từ Liêm, Hà Nội",21.0141712,105.7758312
"118 Tuệ Tĩnh, Phường Nguyễn Du, Quận Hai Bà Trưng, Hà Nội",21.0153441,105.84737689999997
"54 – 56 Lĩnh Nam, Phường Mai Động, Quận Hoàng Mai, Hà Nội",20.989968,105.86492499999997
"3-5 Lý Tự Trọng, Phường An Phú, Quận Ninh Kiều, Thành Phố Cần Thơ",10.0324938,105.78176580000002
"152 Phó Đức Chính, Phường Trúc Bạch, Quận Ba Đình, Hà Nội",21.045601,105.8432169
"69 Nguyễn Khắc Nhu, Phường Cô Giang, Quận 1, Tp. HCM",10.76356,106.69289200000003
"22 Phan Kế Bính, Phường Cống Vị, Quận Ba Đình, Hà Nội",21.0345117,105.81203789999995
"848 Đường Láng, Phường Láng Thượng, Quận Đống Đa, Tp. Hà Nội",21.0194893,105.80244199999993
"286 Kim Ngưu, Phường Quỳnh Mai, Quận Hai Bà Trưng, Hà Nội",20.9989946,105.86171289999993
"37C Thuận Kiều, Phường 12, Quận 5, Tp. Hồ Chí Minh",10.7566251,106.6580839
"69 Kim Đồng, Phường Giáp Bát, Quận Hoàng Mai, Hà Nội",20.983857,105.84380550000003
"65 Vạn Bảo, Phường Liễu Giai, Quận Ba Đình, Hà Nội",21.0338531,105.81716059999997
"15C Nguyễn Thị Minh Khai, Phường Bến Nghé, Quận 1, Tp.HCM",10.78591,106.70112700000004
"A1.09 Sunrise City View - Khu Phức Hợp Căn Hộ Nhật Hoa, 33 Nguyễn Hữu Thọ, Quận 7, TP. HCM",10.7413084,106.7005935
"128 Hai Bà Trưng, Phường Tân An, Quận Ninh Kiều, Thành phố Cần Thơ",10.031827,105.78810999999996
"94 Linh Lang, Phường Cống Vị, Quận Ba Đình, Hà Nội, Việt Nam",21.0335571,105.80987359999995
"91 Nam Đồng, Phường Nam Đồng, Quận Đống Đa, Hà Nội, Việt Nam",21.012681573324844,105.83258051897963
"809-811 Tạ Quang Bửu, Phường 5, Quận 8, Tp. HCM, Việt Nam",10.7363507,106.66980050000006
"125G Lò Đúc, Phường Đống Mác, Quận Hai Bà Trưng, Hà Nội, Việt Nam",21.0178574,105.85533950000001
"218 Nguyễn Huy Tưởng, Phường Thanh Xuân Trung, Quận Thanh Xuân, Hà Nội",20.996892,105.80357800000002
"27 Phạm Văn Chiêu, Phường 14, Quận Gò Vấp, Tp.HCM",10.8514833,106.65632759999994
"85 Hàng Mã, Phường Hàng Mã, Quận Hoàn Kiếm, Hà Nội, Việt Nam",21.036521,105.84699
"138 Đội Cấn, Phường Đội Cấn, Quận Ba Đình, Hà Nội, Việt Nam",21.034844,105.82529
"232A Lạc Trung, Phường Vĩnh Tuy, Quận Hai Bà Trưng, Hà Nội, Việt Nam",21.0029915,105.86675200000002
"SAV.3-00.27 Toà Nhà The Sun Avenue, Tầng Trệt, Tháp S3, Số 28 Mai Chí Thọ, Phường An Phú, Quận 2, TP. HCM, Việt Nam",10.7842649,106.7460161
"188 Nguyễn Thị Minh Khai, Phường 6, Quận 3, Tp.HCM",10.7759959,106.69111199999998
"271 Phạm Ngũ Lão, Phường Phạm Ngũ Lão, Quận 1, Tp.HCM, Việt Nam",10.767992,106.692138
"73 Xuân La, Phường Xuân La, Quận Tây Hồ, Hà Nội, Việt Nam",21.0630321,105.80705579999994
"91 Khâm Thiên, Phường Khâm Thiên, Quận Đống Đa, Hà Nội",21.019029,105.83757790000004
"125 Hoàng Ngân, Phường Trung Hoà, Quận Cầu Giấy, Hà Nội, Việt Nam",21.010264419538,105.80602770482
"33 Hoàng Hoa Thám, Phường 11, Quận Tân Bình, Tp.HCM, Việt Nam",10.7992202,106.6471282
"L1-SH.01B Toà Nhà Landmark 1, Vinhomes Central Park 720A Điện Biên Phủ, Phường 22, Quận Bình Thạnh, TP. HCM, Việt Nam",10.7937095,106.7220732
"306 Cao Thắng, Phường 12, Quận 10, Tp.HCM, Việt Nam",10.77496,106.67477009999993
"17 Tô Ngọc Vân, Phường Quảng An, Quận Tây Hồ, Hà Nội, Việt Nam",21.0681564,105.82501130000003
"14 Ngõ 106 Hoàng Quốc Việt, Phường Nghĩa Đô, Quận Cầu Giấy, Hà Nội, Việt Nam",21.0478734,105.7946819
"76 Đồng Xuân, Phường Đồng Xuân, Quận Hoàn Kiếm, Hà Nội, Việt Nam",21.037113,105.84937400000001
"BT16, B3, Đường Nguyễn Văn Lộc, Quận Hà Đông, Hà Nội",20.9849911,105.7863219
"369 Nguyễn Thái Bình, Phường 12, Quận Tân Bình, Tp.HCM, Việt Nam",10.795958,106.65164800000002
"Lot 7A-8A Lideco Hạ Long, Phường Trần Hưng Đạo, Tp.Hạ Long, Việt Nam",20.9562358,107.08513740000001
"Lot A6-1 Mon Bay, Phường Hồng Hải, Tp. Hạ Long, Việt Nam",20.9490614247051,107.09858569801952
"62 Phạm Ngọc Thạch, Phường 06, Quận 3, Tp.HCM, Việt Nam",10.786109500465226,106.69226713478565
"69B Phạm Văn Hai, Phường 03, Quận Tân Bình, Tp.HCM, Việt Nam",10.7950299,106.66360140000006
"18 Nguyễn Khánh Toàn, Phường Quan Hoa, Quận Cầu Giấy, Hà Nội, Việt Nam",21.035566719854028,105.80395310582844
"2 Trần Khắc Chân, Phường Tân Định, Quận 1, Tp.HCM, Việt Nam",10.792414,106.69131289999996
"45 Hào Nam, Phường Ô Chợ Dừa, Quận Đống Đa, Hà Nội, Việt Nam",21.02205,105.82626400000004
"RS3 06-07, Richstar Residence, 239 - 241 & 278 Hòa Bình, P. Hiệp Tân, Q. Tân Phú, Tp.HCM, Việt Nam",10.772184,106.62538900000004
"113 Nguyễn Gia Trí, Phường 25, Quận Bình Thạnh, Tp.HCM, Việt Nam",10.804421308678547,106.71580236497765
"139-141 Âu Dương Lân, Phường 2, Quận 8, Tp.HCM, Việt Nam",10.745671,106.683311
"81 Trần Bình Trọng, Phường 1, Quận 5, Tp.HCM, Việt Nam",10.7547746,106.68155439999998
"628 Hoàng Hoa Thám, Phường Bưởi, Quận Tây Hồ, Hà Nội, Việt Nam",21.04703589999999,105.80920809999998
"370 Nguyễn Trãi, Phường Thanh Xuân Trung, Quận Thanh Xuân, Hà Nội, Việt Nam",20.993909,105.80695100000002
"32 Nguyễn Hữu Cầu, Phường Tân Định, Quận 1, Tp.HCM, Việt Nam",10.791148,106.691058
"259 Đường Số 7, Phường Bình Trị Đông, Quận Bình Tân, Tp.HCM, Việt Nam",10.7517218,106.61298390000002
"Số 8, Ngõ 91 Nguyễn Chí Thanh, Phường Láng Hạ, Quận Đống Đa, Hà Nội, Việt Nam",21.017243,105.80685199999993
"62 Trần Hưng Đạo, Phường Trần Hưng Đạo, Quận Hoàn Kiếm, Hà Nội, Việt Nam",21.0220662,105.84884050000005
"57 Nguyễn Du, Phường Bến Nghé, Quận 1, Tp.HCM, Việt Nam",10.7794236,106.70048939999992
"165-167 Lê Thánh Tôn, Phường Bến Nghé, Quận 1, Tp.HCM, Việt Nam",10.7737374,106.69893409999997
"L3- SH01 Toà nhà Landmark 3, Vinhome Central Park, 702A Điện Biên Phủ, Phường 22, Quận Bình Thạnh, Tp.HCM, Việt Nam",10.798035,106.7201529
"131 Trần Đình Xu, Phường Nguyễn Cư Trinh, Quận 1, Tp.HCM, Việt Nam",10.762662,106.68783400000007
"7 Nguyễn Thị Định, Phường Trung Hòa, Quận Cầu Giấy, Hà Nội, Việt Nam",21.01264459999999,105.80370130000006
"243 Phan Đình Phùng, Phường 15, Quận Phú Nhuận, Tp.HCM, Việt Nam",10.7963693,106.68110849999994
"74 Nguyễn Văn Thương, Phường 25, Quận Bình Thạnh, Tp.HCM, Việt Nam",10.8019021,106.7192035
"442 Đội Cấn, Phường Cống Vị, Quận Ba Đình, Hà Nội, Việt Nam",21.03750549999999,105.81033969999999
"26 Nguyễn Thái Bình, Phường 04, Quận Tân Bình, Tp.HCM, Việt Nam",10.799336857234877,106.6563334429569
"33 Chùa Láng, Phường Láng Thượng, Quận Đống Đa, Hà Nội, Việt Nam",21.0228499,105.808491
"529 Sư Vạn Hạnh, Phường 13, Quận 10, Tp.HCM, Việt Nam",10.7728384,106.66907370000001
"21 Phó Đức Chính (117/21 Thùy Vân), Phường 2, Tp. Vũng Tàu, Việt Nam",10.3371454,107.089786
"252 Hoàng Quốc Việt, Phường Cổ Nhuế 1, Quận Bắc Từ Liêm, Hà Nội, Việt Nam",21.0465548,105.78310169999997
"16 Ấp Bắc, Phường 13, Quận Tân Bình, Tp.HCM, Việt Nam",10.800910928531389,106.64153628465579
"31 Trần Quốc Hoàn, Phường Dịch Vọng, Quận Cầu Giấy, Hà Nội, Việt Nam",21.041565522740175,105.7883035717582
"204 Trần Quang Khải, Phường Tràng Tiền, Quận Hoàn Kiếm, Hà Nội, Việt Nam",21.02789212207105,105.8580879760575
"74 Đường Số 1, Phường Bình Trị Đông B, Quận Bình Tân, Hồ Chí Minh, Việt Nam",10.748516107898475,106.61638554708247
"78 Duy Tân, Phường Dịch Vọng Hầu, Quận Cầu Giấy, Hà Nội, Việt Nam",21.031050146536177,105.78341700731085
"79 Hà Trung, Phường Hàng Bông, Quận Hoàn Kiếm, Hà Nội, Việt Nam",21.029981690345544,105.84474860550517
"1 Bùi Viện, Phường Phạm Ngũ Lão, Quận 1, Hồ Chí Minh, Việt Nam",10.767899530426007,106.6951266687172
"475 Điện Biên Phủ, Quận Bình Thạnh, Hồ Chí Minh, Việt Nam",10.8020718,106.71461420000003
"43 Thùy Vân, Phường 2, Thành phố Vũng Tàu, Việt Nam",10.3308418,107.08853060000001
"171 Lương Thế Vinh, Phường Trung Văn, Quận Nam Từ Liêm, Hà Nội, Việt Nam",20.9908035,105.79625379999993
"103 Trương Định, Phường 6, Quận 3, Hồ Chí Minh, Việt Nam",10.777727,106.68953499999998
"292 Điện Biên Phủ, Phường 17, Quận Bình Thạnh, Hồ Chí Minh, Việt Nam",10.8011733,106.71066619999999
"420 Đê La Thành, Phường Ô Chợ Dừa, Quận Đống Đa, Hà Nội, Việt Nam",21.022857621270443,105.82220907605745
"70 Ngụy Như Kon Tum, Phường Nhân Chính, Quận Thanh Xuân, Hà Nội, Việt Nam",20.999119,105.80096409999999
"4 Lê Lợi, Thành phố Vũng Tàu, Việt Nam",10.3572812,107.07571359999997
"6 Quang Trung, Phường 1, Tp. Vũng Tàu, Việt Nam",10.3421601,107.07507099999998
"Số 12 Nhà Dịch Vụ 15 Tầng, Phường 7, Tp. Vũng Tàu, Việt Nam",10.3914464,107.0992793
"371 Nguyễn Kiệm, Phường 3, Quận Gò Vấp, Hồ Chí Minh, Việt Nam",10.816462840947137,106.67715805879129
"174 Phú Diễn, Quận Bắc Từ Liêm, Hà Nội, Việt Nam",21.0447702,105.76226589999999
"T2,00.01 Toà Nhà Krista 537 Nguyễn Duy Trinh, Quận 2, Hồ Chí Minh, Việt Nam",10.7903733,106.7705895
"A67 Nguyễn Trãi, Phường Nguyễn Cư Trinh, Quận 1, Hồ Chí Minh, Việt Nam",10.766236730009187,106.68790955092618
"609 Xô Viết Nghệ Tĩnh, Quận Bình Thạnh, Hồ Chí Minh, Việt Nam",10.811042568298458,106.7136654632294
"3 Xuân Diệu, Quận Tây Hồ, Hà Nội, Việt Nam",21.06089500017474,105.83253889157106
"45 Cao Thắng, Quận 3, Hồ Chí Minh, Việt Nam",10.770055281018283,106.68203292271915
"28TT4 The Manor, Nam Từ Liêm, Hà Nội Việt Nam",21.0141712,105.77583119999997
"113 Trần Đại Nghĩa, Q. Hai Bà Trưng, Hà Nội, Việt Nam",21.0028148,105.84480830000007
"62 Man Thiện, Q.9, Hồ Chí Minh, Việt Nam",10.8474222,106.7870657
"449 Lê Văn Việt, Q.9, Hồ Chí Minh, Việt Nam",10.8455529,106.79337280000004
"92 Hậu Giang, Q.6, Hồ Chí Minh, Việt Nam",10.746737760712758, 106.62805218385245
"525 Tô Hiến Thành, Q.10, Hồ Chí Minh, Việt Nam",10.7714855,106.6603189
"49 Hàng Chuối, Q.Hai Bà Trưng, Hà Nội, Việt Nam",21.0164389,105.8577027
"07 Thanh Niên, P. Trúc Bạch, Q. Ba Đình, Hà Nội, Việt Nam",21.04949955557656,105.8390747632294
"17 Liễu Giai, P. Cống Vị, Q. Ba Đình, Hà Nội, Việt Nam",21.034783,105.81453599999998
"01 Tây Hồ, P. Quảng An, Q. Tây Hồ, Hà Nội, Việt Nam",21.06621502932462,105.82643173068845
"81 Lê Văn Lương, P. Nhân Chính, Q. Thanh Xuân, Hà Nội, Việt Nam",21.006138,105.80671800000005
"80 Ao Sen, khu Ao Sen, P. Mỗ Lao, Q. Hà Đông, Hà Nội, Việt Nam",20.9813661,105.78900329999999
"162 Mai Dịch. P Mai Dịch, Q. Cầu Giấy, Hà Nội, Việt Nam",21.0447842,105.77567350000004
"9 Hương Viên, P. Đồng Nhân, Q. Hai Ba Trưng, Hà Nội, Việt Nam",21.012883,105.85641199999998
"42 Đường 643 Tạ Quang Bửu, P.8, Q.8, Hồ Chí Minh, Việt Nam",10.738408930964065,106.67648985064852
"58 - 60 Hoa Cúc, P.7, Q. Phú Nhuận, Hồ Chí Minh, Việt Nam",10.7984251,106.68916309999997
"205 Nam Kỳ Khởi Nghĩa, P.3, Vũng Tàu, Việt Nam",10.3520462,107.08705039999995
"73-75 Trần Trọng Cung, P. Tân Thuận Đông, Q.7, Hồ Chí Minh, Việt Nam",10.7436489,106.7323288
"304 Vườn Lài, P. Phú Thọ Hoà, Q. Tân Phú, Hồ Chí Minh, Việt Nam",10.7880138,106.62871829999995
"F6 Bồ Hoả, P. Hà Cầu, Q. Hà Đông, Hà Nội, Việt Nam",20.96606654164182,105.7767396098217
"LK6A - C17 Mỗ Lao, P. Mộ Lao, Q. Hà Đông, Hà Nội, Việt Nam",20.986735,105.78327300000001
"Tầng 1 Block A, Hoàng Anh River View, 37 Nguyễn Văn Hưởng, P. Thảo Điền, Q.2, Hồ Chí Minh, Việt Nam",10.8049617,106.7271107
"CT3 - CT4 The Pride, Tố Hữu, P. La Khê, Q. Hà Đông, Hà Nội, Việt Nam",20.9721894,105.75734499999999
"A24, đường D4, Khu đô thị Him Lam Tân Hưng, P. Tân Hưng, Q.7, Hồ Chí Minh, Việt Nam",10.744884896719523,106.69908061623573
"277 Âu Dương Lân, P.2, Q.8, Hồ Chí Minh, Việt Nam",10.743118,106.68471090000003
"Số 12 khu Đồng Dưa, Tổ 5 Ngô Thì Nhậm, P. Hà Cầu, Q. Hà Đông, Hà Nội, Việt Nam",20.968813281390563,105.76899915933609
"15B Nguyễn Lương Bằng (nối dài), P. Phú Mỹ, Q.7, Hồ Chí Minh, Việt Nam",10.7020478,106.7317338
"30 Mai Anh Tuấn, P. Ô Chợ Dừa, Q. Đống Đa, Hà Nội, Việt Nam",21.0186298,105.8229295
"1 Đường số 1, P.16, Q. Gò Vấp, Hồ Chí Minh, Việt Nam",10.845171,106.66444
"1/37 Lê Thanh Nghị, P. Bách Khoa, Q. Hai Bà Trưng, Hà Nội, Việt Nam",21.0016864,105.8464768
"126 Nam Cao, P. Giảng Võ, Q. Ba Đình, Hà Nội, Việt Nam",21.030204627334953,105.8222952042297
"15 Đường số 3, Khu Dân Cư Phú Mỹ, P. Phú Mỹ, Q.7, Hồ Chí Minh, Việt Nam",10.7142456,106.7321435
"CT3D, KĐT Nam Cường Cổ Nhuế, P. Cổ Nhuế 1, Q. Bắc Từ Liêm, Hà Nội, Việt Nam",21.0515674,105.78596519999996
"155 Lê Văn Hiến, P. Đức Thắng, Q. Bắc Từ Liêm, Hà Nội, Việt Nam",21.074784404447055,105.77224181860439
"240 Hoàng Diệu 2, P. Linh Chiểu, Q. Thủ Đức, Hồ Chí Minh",10.8538968,106.7710079
"66C Hoàng Diệu 2, P. Linh Chiểu, Q. Thủ Đức, Hồ Chí Minh, Việt Nam",10.8581275,106.76319430000001
"683A Âu Cơ, P. Tân Thành, Q. Tân Phú, Hồ Chí Minh, Việt Nam",10.7889446,106.64003879999996
"Chung cư Taseco, Nguyễn Văn Huyên, Q. Bắc Từ Liêm, Hà Nội, Việt Nam",21.064607789754792,105.79882264137268
"82 Nguyễn Phong Sắc, P. Dịch Vọng, Q. Cầu Giấy, Hà Nội, Việt Nam",21.0374519,105.79022099999997
"3 Phạm Tuấn Tài, P. Dịch Vọng Hậu, Q. Cầu Giấy, Hà Nội, Việt Nam",21.04352026821867,105.78609485026243
"1 Thùy Vân, P. Thắng Tam, Vũng Tàu, Việt Nam",10.3293314,107.0879345
"97 Văn Cao, P. Liễu Giai, Q. Ba Đình, Hà Nội, Việt Nam",21.039320614814002,105.81599414348602
"6 Đội Nhân, P. Vĩnh Phúc, Q. Ba Đình, Hà Nội, Việt Nam",21.041099268180233,105.81178441643715
"83 Hàng Điếu, P. Cửa Đông, Q. Hoàn Kiếm, Hà Nội, Việt Nam",21.031997996906608,105.84688916802406
"292 Hoàng Văn Thái, P. Khương Trung, Q. Thanh Xuân, Hà Nội, Việt Nam",20.998903,105.82040400000005
"62-64 Vũ Trọng Phụng, P. Thanh Xuân Trung, Q. Thanh Xuân, Hà Nội, Việt Nam",20.9999809,105.80790300000001
"288 Giải Phóng, P. Phương Liệt, Q. Thanh Xuân, Hà Nội, Việt Nam",20.9949874,105.84131890000003
"1, Dãy A6, khu tập thể Đại học Ngoại ngữ, Trần Quốc Hoàn, P. Dịch Vọng Hậu, Q. Cầu Giấy, Hà Nội, Việt Nam",21.0416327,105.7899386
"36B7 Tràng Tiền, P. Tràng Tiền, Q. Hoàn Kiếm, Hà Nội, Việt Nam",21.025030368246753,105.85495188954928
"Số 1 Nguyễn Hoàng, P. Mỹ Đình, Q. Nam Từ Liêm, Hà Nội, Việt Nam",21.0291531,105.7759652
"2 Hoàng Ngân, P. Trung Hòa, Q. Cầu Giấy, Hà Nội, Việt Nam",21.00715349152187,105.81164360046387
"59 Đông Du, P. Bến Nghé, Q.1, Hồ Chí Minh, Việt Nam",10.7761734,106.70473990000005
"44 Cửu Long, Cư Xá Bắc Hải, P.15, Q.10, Hồ Chí Minh, Việt Nam",10.781508366994435,106.66238921779097
"2 Đường Nội Khu Hưng Gia 4, Bùi Bằng Đoàn, P. Tân Phong, Q.7, Hồ Chí Minh, Việt Nam",20.979868,105.7439194
"1A Hồ Đắc Di, P. Nam Đồng, Q. Đống Đa, Hà Nội, Việt Nam",21.011210682824828,105.8305875183853
"139H Chiến Thắng, X. Tân Triều, H. Thanh Trì, Hà Nội, Việt Nam",20.980353943570694,105.79531699419022
"380/16/16 Lê Văn Lương, P. Tân Hưng, Q.7, Hồ Chí Minh, Việt Nam",10.740067332383516,106.70167367440797
"105 Chùa Láng, P. Láng Thượng, Q. Đống Đa, Hà Nội, Việt Nam",21.0233563,105.80306900000005
"Khu Căn Hộ Somerset Hòa Bình,106 Hoàng Quốc Việt, P. Nghĩa Đô, Q. Cầu Giấy, Hà Nội, Việt Nam",21.046704001100352,105.79550289514123
"18A15 Tăng Nhơn Phú, P. Tăng Nhơn Phú B, Q.9, Hồ Chí Minh, Việt Nam",10.8333467,106.7779586
"D22, Nơ 12, Khu đô thị mới Định Công, P. Định Công, Q. Hoàng Mai, Hà Nội",20.989087542339693,105.83018533848417
"41 Yên Thế, P.2, Q. Tân Bình, Hồ Chí Minh, Việt Nam",10.81254104948705,106.66834291534428
"50 Nhất Chi Mai, P.13, Q. Tân Bình, Hồ Chí Minh, Việt Nam",10.803131052235335,106.63988617976224
"353A Tân Sơn Nhì, P. Tân Sơn Nhì, Q. Tân Phú, Hồ Chí Minh, Việt Nam",10.795868961280885,106.63010085351175
"17 Cao Thắng, P.2, Q.3, Hồ Chí Minh, Việt Nam",10.7689279,106.68313620000004
"46 Lê Trọng Tấn, P. Khương Mai, Q. Thanh Xuân, Hà Nội, Việt Nam",20.999785,105.82795099999998
"1001 Bình Giã, P. Rạch Dừa, Vũng Tàu, Việt Nam",10.3974506,107.11707690000003
"15 La Văn Cầu, P. Thắng Tam, Vũng Tàu, Việt Nam",10.3380376,107.09021099999995
"402 Hà Huy Tập, P. Tân Phong, Q.7, Hồ Chí Minh, Việt Nam",10.72655137949906,106.70825745910406
"15 Đường D2 Khu Dân Cư Phức Hợp Sông Sài Gòn, 92 Nguyễn Hữu Cảnh, P.22, Q. Bình Thạnh, Hồ Chí Minh, Việt Nam",10.7908266,106.7184842
"45 Thống Nhất, P. Bình Thọ, Q. Thủ Đức, Hồ Chí Minh, Việt Nam",10.846295,106.77015289999997
"295 Đỗ Xuân Hợp, Khu phố 4, Bình Trung Đông, P. Phước Long B, Q.9, Hồ Chí Minh, Việt Nam",10.8232131,106.7702276
"177 Xuân Thủy, P. Dịch Vọng Hậu, Q. Cầu Giấy, Hà Nội, Việt Nam",21.036406265509996,105.78466989416506
"144 Lê Trọng Tấn, P. Tây Thạnh, Q. Tân Phú, Hồ Chí Minh, Việt Nam",10.80615807601167,106.62848555403252
"14 Hồ Tùng Mậu, P. Mai Dịch, Q. Cầu Giấy , Hà Nội, Việt Nam",21.03668,105.78002400000002
"73 Chùa Láng, P. Láng Thượng, Q. Đống Đa , Hà Nội, Việt Nam",21.023381814454652,105.80627543054959
"38 Đào Duy Từ, P. Hàng Buồm, Q. Hoàn Kiếm , Hà Nội, Việt Nam",21.0359826773515,105.85271181653297
"5A Chợ Lớn, P.11, Q.6 , Hồ Chí Minh, Việt Nam",10.745943,106.63449200000002
"16B Hàng Than, P. Trung Trực, Q. Ba Đình , Hà Nội, Việt Nam",21.042006,105.84717899999998
"18 Bình Phú, P.11, Q.6, Hồ Chí Minh, Việt Nam",10.7395136,106.62929009999993
"22 Nguyễn Trường Tộ, P.12, Q.4, Hồ Chí Minh, Việt Nam",10.765640983929238,106.70473337173462
"82 Nguyễn Huệ, P. Bến Nghé, Q.1, Hồ Chí Minh, Việt Nam",10.775228,106.70291299999997
"12 Phạm Văn Nghị, P. Tân Phong, Q.7, Hồ Chí Minh, Việt Nam",10.733153332867253,106.70652929688913
"29 Trịnh Đình Thảo, P. Hòa Thạnh, Q. Tân Phú, Hồ Chí Minh, Việt Nam",10.775403,106.63471500000003
"29 Lê Lợi, P.4, Q. Gò Vấp, Hồ Chí Minh, Việt Nam",10.820719510476374,106.68761856844867
"Lô CR2-12, Số 107 Đại Lộ Tôn Dật Tiên, Khu A, Phú Mỹ Hưng, Quận 7, TP. HCM",10.7240504,106.7161328
"9-1E Khu Đô Thị Trung Yên, P. Trung Hòa, Q. Cầu Giấy, Hà Nội, Việt Nam",21.013883845668794,105.79821759192657
"193 Đường Số 1, P. Bình Trị Đông B, Q. Bình Tân, Hồ Chí Minh, Việt Nam",10.7484139,106.61337619999995
"2 Nguyễn Khắc Viện, P. Tân Phú, Q.7, Hồ Chí Minh, Việt Nam",10.728551,106.72036060000005
"21 Thạch Lam, P. Hiệp Tân, Q. Tân Phú, Hồ Chí Minh, Việt Nam",10.7762499,106.63240389999999
"16-18 Vĩnh Hội, P.4, Q.4, Hồ Chí Minh, Việt Nam",10.7561049,106.70370750000006
"58 Phạm Văn Nghị, P. Tân Phong, Q.7, Hồ Chí Minh, Việt Nam",10.7314651,106.70672890000003
"C002 Phạm Thái Bường, P. Tân Phong, Q.7, Hồ Chí Minh, Việt Nam",10.7274052,106.70976250000001
"197A-199 Điện Biên Phủ, P.15, Q. Bình Thạnh, Hồ Chí Minh, Việt Nam",10.8016043,106.7118944
"172 Nguyễn Thị Tần, P.15, Q.8, Hồ Chí Minh, Việt Nam",10.7461774,106.68620770000007
"184 Lê Đức Thọ, P.6, Q. Gò Vấp, Hồ Chí Minh, Việt Nam",10.8411209,106.6779358
"91 Đường số 204, Cao Lỗ, P.4, Q.8, Hồ Chí Minh, Việt Nam",10.737969,106.67902909999998
"160 Đường số 19, P. Bình Trị Đông, Q. Bình Tân, Hồ Chí Minh, Việt Nam",10.75335164477618,106.61297770157466
"27 Đinh Tiên Hoàng, P. Hàng Bạc, Q. Hoàn Kiếm, Hà Nội, Việt Nam",21.0318142,105.85257139999999
"4-6 Đường Số 10, P.13, Q.6, Hồ Chí Minh, Việt Nam",10.7516082,106.62829160000001
"15 Bùi Bằng Đoàn, P. Tân Phong, Q.7, Hồ Chí Minh, Việt Nam",10.731976,106.70851100000004
"58 Lữ Gia, P.15, Q.11, Hồ Chí Minh, Việt Nam",10.771122,106.65411300000005
"67 Lê Đức Thọ, P.7, Q. Gò Vấp, Hồ Chí Minh, Việt Nam",10.832052015454936,106.68255957920266
"257A Nguyễn Trãi, P. Nguyễn Cư Trinh, Q.1, Hồ Chí Minh, Việt Nam",10.764567356138652,106.68764600305849
"42 Đường C, P. Tân Phong, Q.7, Hồ Chí Minh, Việt Nam",10.7154558,106.73240970000006
"702 Nguyễn Văn Linh, P. Tân Phong, Q.7, Hồ Chí Minh, Việt Nam",10.7294136,106.6927826
"268 Lý Thường Kiệt, P.14, Q.10, Hồ Chí Minh, Việt Nam",10.7751507,106.66039939999996
"43 Phạm Ngọc Thạch, P.6, Q.3, Hồ Chí Minh, Việt Nam",10.78474,106.69338800000003
"6 Quách Văn Tuấn, P.12, Q. Tân Bình, Hồ Chí Minh, Việt Nam",10.800632,106.65246100000002
"47-49 Nguyễn Văn Bảo, P.4, Q. Gò Vấp, Hồ Chí Minh, Việt Nam",10.8229182,106.68619579999995
"32A Bùi Thị Xuân, P. Bến Thành, Q.1, Hồ Chí Minh, Việt Nam",10.772105,106.6902602
"315B Bùi Hữu Nghĩa, P.1, Q. Bình Thạnh, Hồ Chí Minh, Việt Nam",10.799846,106.69937000000004
"190B Phan Văn Trị, P.12,  Q. Bình Thạnh, Hồ Chí Minh, Việt Nam",10.813261777504042,106.69530751845471
"62 Nguyễn Khoái, P.2, Q.4, Hồ Chí Minh, Việt Nam",10.7548247,106.69454500000006
"162 Nguyễn Công Trứ, P. Nguyễn Thái Bình, Q.1, Hồ Chí Minh, Việt Nam",10.768832,106.70134800000005
"171B Hoàng Hoa Thám, P.13, Q. Tân Bình, Hồ Chí Minh, Việt Nam",10.806304,106.64699599999994
"225A Hoàng Hoa Thám, P.13, Q. Tân Bình, Hồ Chí Minh, Việt Nam",10.804547,106.64755200000002
"180 Nguyễn Hồng Đào, P.14, Q. Tân Bình, Hồ Chí Minh, Việt Nam",10.7903475,106.64099839999994
"290C An Dương Vương, P.4, Q.5, Hồ Chí Minh, Việt Nam",10.7603622,106.68079030000001
"21 Nguyễn Văn Tráng, P. Bến Thành, Q.1, TP. HCM",10.7700179,106.6921712
"11 Nguyễn Văn Tráng, P. Bến Thành, Q.1, Hồ Chí Minh, Việt Nam",10.76988,106.69230649999997
"12 Đông Du, P. Bến Nghé, Q.1, Hồ Chí Minh, Việt Nam",10.7771725,106.70544080000002
"45 Tân Mỹ, P. Tân Phú, Q.7, Hồ Chí Minh, Việt Nam",10.737053,106.71827860000008
"142/7A Xô Viết Nghệ Tĩnh, P.22, Q. Bình Thạnh, Hồ Chí Minh, Việt Nam",10.8067191,106.71232959999998
"54 Tôn Thất Thiệp, P. Bến Nghé, Q.1, Hồ Chí Minh, Việt Nam",10.773576,106.70211199999994
"178A Nguyễn Chí Thanh, P.3, Q.10, Hồ Chí Minh, Việt Nam",10.760546,106.67109099999993
"S34-2 Sky Garden 3 - Phú Mỹ Hưng, Đại Lộ Nguyễn Văn Linh, P. Tân Phong, Q.7, TP. HCM",10.7228245,106.6606769
"220 Nguyễn Trọng Tuyển, P.8, Q. Phú Nhuận, Hồ Chí Minh, Việt Nam",10.7977921,106.67342659999997
"273 Lê Thánh Tôn, P. Bến Thành, Q.1, Hồ Chí Minh, Việt Nam",10.7718403,106.69561150000004
"374 Lê Văn Sỹ, P.14, Q.3, Hồ Chí Minh, Việt Nam",10.78779056961357,106.67804672394254
"199 Đường Số 17, P. Tân Quy, Q.7, Hồ Chí Minh, Việt Nam",10.7449722,106.71014200000002
"27Bis Tôn Thất Tùng, P. Phạm Ngũ Lão, Q.1, Hồ Chí Minh, Việt Nam",10.770813225740124,106.68762616931156
"459/8A Nguyễn Thị Thập, P. Tân Quy, Q.7, Hồ Chí Minh, Việt Nam",10.739985,106.70403599999997
"9 Nguyễn Kim, P.12, Q.5, Hồ Chí Minh, Việt Nam",10.7642454,106.66163600000004
"Số 1 Công Trường Tự Do, P.19, Q. Bình Thạnh, Hồ Chí Minh, Việt Nam",10.789412780097452,106.7088080191752
"22L Vũ Huy Tấn, Khu Dân Cư Miếu Nổi, P.3, Q. Bình Thạnh, Hồ Chí Minh, Việt Nam",10.795918829988409,106.69352561226843
"45 Lý Tự Trọng, P. Bến Nghé, Q.1, Hồ Chí Minh, Việt Nam",10.778666,106.70199100000002
"13 Tôn Đản, P.13, Q.4, Hồ Chí Minh, Việt Nam",10.761525,106.70787999999993
"6 Thảo Điền, P. Thảo Điền, Q.2, Hồ Chí Minh, Việt Nam",10.8018917,106.7382824
"65C Nguyễn Thái Học, P. Cầu Ông Lãnh, Q.1, Hồ Chí Minh, Việt Nam",10.766299,106.696147
"31 Bà Huyện Thanh Quan, P.6, Q.3, Hồ Chí Minh, Việt Nam",10.7753219,106.68971099999999
"704 Sư Vạn Hạnh, P.12, Q.10, Hồ Chí Minh, Việt Nam",10.7704224,106.67032540000002
"70 Đường Đồng Nai, P.15, Q.10, Hồ Chí Minh, Việt Nam",10.7785438,106.66299890000005
"366 Võ Văn Ngân, P. Bình Thọ, Q. Thủ Đức, Hồ Chí Minh, Việt Nam",10.849614787322826,106.7719406233482
"129F/95I Bến Vân Đồn, P.6, Q.4, Hồ Chí Minh, Việt Nam",10.761579,106.7021479
"50 Bùi Viện, P. Phạm Ngũ Lão, Q.1, Hồ Chí Minh, Việt Nam",10.767436,106.69381900000008
"15 Đỗ Quang Đẩu, P. Phạm Ngũ Lão, Q.1, Hồ Chí Minh, Việt Nam",10.76642946002522,106.69116610185245
"186 Thái Thịnh, P. Láng Hạ, Q. Đống Đa, Hà Nội, Việt Nam",21.01337107204232,105.81574778154527
"69 Hồ Tùng Mậu, P. Bến Nghé, Q.1, Hồ Chí Minh, Việt Nam",10.771835,106.70366100000001
"75 Thành Thái, P.14, Q.10, Hồ Chí Minh, Việt Nam",10.7681072,106.66691600000001
"5 - 4A Khu Đô Thị Trung Yên, P. Yên Hòa, Q. Cầu Giấy, Hà Nội, Việt Nam",21.01718760595522,105.7990678521843
"36 Hai Bà Trưng, P. Bến Nghé, Q.1, Hồ Chí Minh, Việt Nam",10.7768611,106.70466899999997
